form;attribute_ID;attribute_name_GE;attribute_trans_EN;code_value;value_description_GE;value_trans_EN;note;reference
1;1;Siedlungsnummer;Settlement No.;;;;;
1;2;Jahr;Year;;;;;
1;3;Befundnummer;Feature No. ;;;;;
1;4;Positionsnummer;Position No.;; ;;;
1;5;Inventarnummer;Individual (find) No.;;;;;
1;6;Formblattnummer;Number of form;;;;;
1;7;Quadrant;Quadrant;;;;;
1;8;coord. X;coord. X;;;;;
1;9;coord. Y;coord. Y;;;;;
1;10;Höhe ü. NN;Height a. NN;;;;;
1;11;Geologischer Horizont;Geological horizon;;;;;
1;12;Archäologischer Horizont;Archaeological horizon;;;;;
1;13;Neigung;Inclination;1;Horizontal;horizontal;;
1;13;Neigung;Inclination;2;Schräg;oblique;;
1;13;Neigung;Inclination;3;Vertikal;vertical;;
1;14;Kippung;Lateral tilt;1;Lage des Fundstückes horizontal und Ventralfläche nach unten;Position of object horizontal with ventral face down;;
1;14;Kippung;Lateral tilt;2;Lage des Fundstückes schräg und Ventralfläche nach unten;Position of object oblique with ventral face down;;
1;14;Kippung;Lateral tilt;3;Lage des Fundstückes horizontal und Ventralfläche nach oben;Position of object horizontal with ventral face up;;
1;14;Kippung;Lateral tilt;4;Lage des Fundstückes schräg und Ventralfläche nach oben;Position of object oblique with ventral face up;;
1;14;Kippung;Lateral tilt;5;Horizontale Lage eines Fundstückes ohne Ventralfläche (z.B. Trümmer oder Kern);horizontal position of object without ventral surface;;
1;14;Kippung;Lateral tilt;6;Schräge Lage eines Fundstückes ohne Ventralfläche;oblique position of object without ventral surface;;
1;14;Kippung;Lateral tilt;7;Lage eines Fundstückes senkrecht;vertical position of object;;
1;15;Himmelsrichtung;compass direction;0;Keine Aussage;no statement;;
1;15;Himmelsrichtung;compass direction;1;Nord;North;;
1;15;Himmelsrichtung;compass direction;2;Nordost;Northeast;;
1;15;Himmelsrichtung;compass direction;3;Ost;East;;
1;15;Himmelsrichtung;compass direction;4;Südost;Southeast;;
1;15;Himmelsrichtung;compass direction;5;Süd ;South  ;;
1;15;Himmelsrichtung;compass direction;6;Südwest;Southwest;;
1;15;Himmelsrichtung;compass direction;7;West;West;;
1;15;Himmelsrichtung;compass direction;8;Nordwest;Northwest;;
1;16;Rohmaterial;Raw material;;;;;
1;17;Farbe des Rohmaterials;Color of raw material;01;Schwarz;black;;
1;17;Farbe des Rohmaterials;Color of raw material;02;Dunkelgrau;dark grey;;
1;17;Farbe des Rohmaterials;Color of raw material;03;Hellgrau;light grey;;
1;17;Farbe des Rohmaterials;Color of raw material;04;Hell-graugrün;light greyish green;;
1;17;Farbe des Rohmaterials;Color of raw material;05;grün;green;;
1;17;Farbe des Rohmaterials;Color of raw material;06;hell-graublau;light greyish blue;;
1;17;Farbe des Rohmaterials;Color of raw material;07;graugelb;greyish blue;;
1;17;Farbe des Rohmaterials;Color of raw material;08;gelb;yellow;;
1;17;Farbe des Rohmaterials;Color of raw material;09;gelbbraun;yellowish brown;;
1;17;Farbe des Rohmaterials;Color of raw material;10;graubraun;greyish brown;;
1;17;Farbe des Rohmaterials;Color of raw material;11;braun;brown;;
1;17;Farbe des Rohmaterials;Color of raw material;12;rot;red;;
1;17;Farbe des Rohmaterials;Color of raw material;13;milchweiß;milky white;;
1;17;Farbe des Rohmaterials;Color of raw material;14;farblos durchscheinend;colorless translucent;;
1;17;Farbe des Rohmaterials;Color of raw material;15;andere Farben;other colors;;
1;17;Farbe des Rohmaterials;Color of raw material;16;Farbe unbestimmbar;color indeterminable;;
1;18;Oberfläche der artifiziellen Spaltflächen;Surface of the natural surfaces;1;matt und körnig;Matt and grainy;;
1;18;Oberfläche der artifiziellen Spaltflächen ;Surface of the natural surfaces;2;glatt;Smooth;;
1;18;Oberfläche der artifiziellen Spaltflächen;Surface of the natural surfaces;3;hochglänzend glatt und spiegelnd;Very shiny;;
1;18;Oberfläche der artifiziellen Spaltflächen;Surface of the natural surfaces;4;nicht feststellbar;Not determinable;;
1;19;Strukturen im Material;structures in the raw material;0;Keine Strukturen;No structures;;
1;19;Strukturen im Material;structures in the raw material;1;Große weiße Punkte;Big white spots;;
1;19;Strukturen im Material;structures in the raw material;2;kleine weiße Punkte;small white spots;;
1;19;Strukturen im Material;structures in the raw material;3;Große und kleine weiße Punkte;big and small white spots;;
1;19;Strukturen im Material;structures in the raw material;4;Schwarze Flecken;Black spots;;
1;19;Strukturen im Material;structures in the raw material;5;Schwarze Flecken und große weiße Punkte;Black spots and big white spots;;
1;19;Strukturen im Material;structures in the raw material;6;Schwarze Flecken und kleine weiße Punkte;Black spots and small white spots;;
1;19;Strukturen im Material;structures in the raw material;7;Schwarze Flecken mit großen und kleinen weißen Punkten;Black spots with big and small white spots;;
1;19;Strukturen im Material;structures in the raw material;8;Keine Aussage;No statement;;
1;20;Rinde;cortex;0;Keine Rinde;No cortex;;
1;20;Rinde;cortex;1;Maasei-Rinde;Maasei cortex;;
1;20;Rinde;cortex;2;(Dünne raue Rinde) oder sonstige glatte Geröllrinde;Thin rough cortex or other smooth Geröllrinde;;
1;20;Rinde;cortex;3;Unbestimmbare Rinde;Undeterminable cortex;;
1;20;Rinde;cortex;4;Kreiderinde (ritzbar);chalky cortex (scratchable);;
1;20;Rinde;cortex;7;Kreiderinde (dünn, rau, nicht abgerollt);chalky cortex (thin rough not rolled);;
1;20;Rinde;cortex;5;Sandsteinrinde;sandstone cortex;;
1;20;Rinde;cortex;6;Geschieberinde;erratic cortex;;
1;20;Rinde;cortex;9;Nicht entscheidbar, ob Rinde vorhanden;not determinable whether cortex present;;
1;21;Natürliche Sprungfläche;natural surfaces;0;Keine ;None;;
1;21;Natürliche Sprungfläche;natural surfaces;1;Sprungfläche unpatiniert;Unpatinated cleft;;
1;21;Natürliche Sprungfläche;natural surfaces;2;Sprungfläche patiniert;Patinated cleft;;
1;21;Natürliche Sprungfläche;natural surfaces;3;Sprungfläche unpatiniert und patiniert;Patinated and unpatinated cleft;;
1;21;Natürliche Sprungfläche;natural surfaces;4;Art unbestimmbar;Indeterminable type;;
1;21;Natürliche Sprungfläche;natural surfaces;5;Unbestimmbar, ob natürliche Sprungfläche vorhanden;Indeterminable whether natural surfaces present;;
1;22;Abrollung der natürlichen Flächen;Rolling of natural surfaces;0;Keine natürlichen Flächen;No natural surfaces;;
1;22;Abrollung der natürlichen Flächen;Rolling of natural surfaces;1;Abrollung vorhanden;Rolling;;
1;22;Abrollung der natürlichen Flächen;Rolling of natural surfaces;2;Abrollung nicht vorhanden;No rolling;;
1;22;Abrollung der natürlichen Flächen;Rolling of natural surfaces;3;Nicht entscheidbar, ob Abrollung vorhanden;Indeterminable whether rolled;;
1;23;Menge der Rinde/nat. Flächen auf Dorsalseite und Schlagflächenrest;Amount of cortex or natural surface on dorsal face;0;Keine natürlichen Flächen;No natural surfaces;;
1;23;Menge der Rinde/nat. Flächen auf Dorsalseite und Schlagflächenrest;Amount of cortex or natural surface on dorsal face;1;bis 1/3;max. 1/3;;
1;23;Menge der Rinde/nat. Flächen auf Dorsalseite und Schlagflächenrest;Amount of cortex or natural surface on dorsal face;2;Bis 2/3;max. 2/3;;
1;23;Menge der Rinde/nat. Flächen auf Dorsalseite und Schlagflächenrest;Amount of cortex or natural surface on dorsal face;3;über 2/3;more than 2/3;;
1;23;Menge der Rinde/nat. Flächen auf Dorsalseite und Schlagflächenrest;Amount of cortex or natural surface on dorsal face;4;Vollständig;complete;;
1;23;Menge der Rinde/nat. Flächen auf Dorsalseite und Schlagflächenrest;Amount of cortex or natural surface on dorsal face;9;Keine Aussage;No statement;;
1;24;Thermische Einwirkung - Art;heat impact;0;Keine thermische Einwirkung vorhanden;No thermal modification ;;
1;24;Thermische Einwirkung - Art;heat impact;1;Farbänderung;change of color;;
1;24;Thermische Einwirkung - Art;heat impact;2;Risse;cracks;;
1;24;Thermische Einwirkung - Art;heat impact;3;Schalige Aussprünge;potlid fractures;;
1;24;Thermische Einwirkung - Art;heat impact;4;Farbänderung und Risse ;change of color and cracks;;
1;24;Thermische Einwirkung - Art;heat impact;5;Farbänderung und schalige Aussprünge;change of color and potlid fractures;;
1;24;Thermische Einwirkung - Art;heat impact;6;Risse und schalige Aussprünge;cracks and potlid fractures;;
1;24;Thermische Einwirkung - Art;heat impact;7;Farbänderung, Risse und schalige Aussprünge;change of color, cracks and potlid fractures;;
1;24;Thermische Einwirkung - Art;heat impact;8;Keine Aussage, ob thermische Einwirkung vorhanden;Intedeterminable whether thermally modified;;
1;24;Thermische Einwirkung - Art;heat impact;9;Verbrennung nur am Glanz von Retuschen oder Bruchflächen erkennbar;heating only visible due to gloss of retouches or breaks;;
1;25;Thermische Einwirkung - Zeitpunkt;time of heat impact;0;Keine thermische Einwirkung vorhanden;No thermal modification ;;
1;25;Thermische Einwirkung - Zeitpunkt;time of heat impact;1;Rohstoff aufgeheizt;Raw material heated;;
1;25;Thermische Einwirkung - Zeitpunkt;time of heat impact;2;Nach Abtrennung der Grundform bzw. dem Abbau als Kern;After removal of blank or debitage on core;;
1;25;Thermische Einwirkung - Zeitpunkt;time of heat impact;3;Thermischer Bruch;thermal break;;
1;25;Thermische Einwirkung - Zeitpunkt;time of heat impact;4;Nach der Modifikation;After modification;;
1;25;Thermische Einwirkung - Zeitpunkt;time of heat impact;5;Unbestimmbar;Indeterminable;;
1;25;Thermische Einwirkung - Zeitpunkt;time of heat impact;6;Verbranntes Nicht-Artefakt;Burnt non-artefact;;
1;25;Thermische Einwirkung - Zeitpunkt;time of heat impact;7;Keine Aussage, ob thermische Einwirkung vorhanden;Intedeterminable whether thermally modified;;
1;26;Erhaltung der Grundformmaße im KUR;Preservation of blank in the smallest circumscribing rectangle;;;;;
1;27;Länge im Rechteck in mm;Length in rectangle in mm;;;;;
1;28;Breite im Rechteck in mm;Width in rectangle in mm;;;;;
1;29;Dicke in mm;Thickness in mm;;;;;
1;30;Gewicht in g;Weigth in g;;;;;
1;31;Größenklasse;size class ;;;;;
1;32;Erhaltung des modifizierten Stückes im RE;Preservation of modified piece in rectangle;0;Nicht modifiziert;not modified;;
1;32;Erhaltung des modifizierten Stückes im RE;Preservation of modified piece in rectangle;1;Länge sicher erhalten;Length preserved;;
1;32;Erhaltung des modifizierten Stückes im RE;Preservation of modified piece in rectangle;2;Breite sicher erhalten;Width preserved;;
1;32;Erhaltung des modifizierten Stückes im RE;Preservation of modified piece in rectangle;3;Länge und Breite sicher erhalten;Length and width preserved;;
1;32;Erhaltung des modifizierten Stückes im RE;Preservation of modified piece in rectangle;4;Keine Aussage;No statement;;
1;32;Erhaltung des modifizierten Stückes im RE;Preservation of modified piece in rectangle;5;Nicht entscheidbar;Indeterminable;;
1;33;Grundform 1;blank type 1;1;Abschlag;Flake;;
1;33;Grundform 1;blank type 1;2;Klinge/Klingenbruchstück;Blade or blade fragment;;
1;33;Grundform 1;blank type 1;3;Trümmer;debris;;
1;33;Grundform 1;blank type 1;4;Geröll;pebble;;
1;33;Grundform 1;blank type 1;5;Kern;core;;
1;33;Grundform 1;blank type 1;6;NA;NA ;;
1;33;Grundform 1;blank type 1;7;NA;NA;;
1;33;Grundform 1;blank type 1;8;NA;NA;;
1;33;Grundform 1;blank type 1;0;Dechsel/Beil;Adze/axe/hatchet;;
1;33;Grundform 1;blank type 1;0;Sandsteine mit Gebrauchsspuren (auch andere Felsgesteine außer D/B);Sandstone with wear traces;;
1;33;Grundform 1;blank type 1;0;Rötel;Raddle;;
1;33;Grundform 1;blank type 1;0;Flintbeile;flint adze;;
1;33;Grundform 1;blank type 1;0;Kerngeräte;core tool;;
1;33;Grundform 1;blank type 1;9;Keine Aussage;No statement;;
1;34;Grundform 2;blank type 2;00;Keine Aussage;No statement;;
1;34;Grundform 2;blank type 2;01;Unregelmäßige Klinge;irregular blade;;
1;34;Grundform 2;blank type 2;02;Regelmäßige Klinge;regular blade;;
1;34;Grundform 2;blank type 2;03;Lamelle;bladelet;;
1;34;Grundform 2;blank type 2;04;Stichelabfall;burin spall;;
1;34;Grundform 2;blank type 2;05;Kernfacettierungsabschlag;core facetting flake;;
1;34;Grundform 2;blank type 2;06;Abspliss;chip;;
1;34;Grundform 2;blank type 2;07;Kernscheibe/-tablett;core tablet;;
1;34;Grundform 2;blank type 2;08;Kern, normal (Knolle, Trümmer, Frostscherbe);core normal (nodule debris or frost shatter);;
1;34;Grundform 2;blank type 2;09;Kern aus Abschlag;core on flake;;
1;34;Grundform 2;blank type 2;10;Kern aus geschliffenem Beil;core on polished tool;;
1;34;Grundform 2;blank type 2;11;Siretbruch;siret fracture;;
1;34;Grundform 2;blank type 2;12;Artifizieller Trümmer;Artifical debris;;
1;34;Grundform 2;blank type 2;13;Natürlicher Trümmer;Natural debris;;
1;34;Grundform 2;blank type 2;14;Hitzetrümmer;heat debris;;
1;34;Grundform 2;blank type 2;15;Kerntrümmer;core debris;;
1;34;Grundform 2;blank type 2;16;Frostsprung;frost shatter;;
1;34;Grundform 2;blank type 2;17;Partieller Kernplattformabschlag;partial platform flake;;
1;34;Grundform 2;blank type 2;18;Kernseitenabschlag;flake of core flank;;
1;34;Grundform 2;blank type 2;27;Kernkantenklinge;crested blade;;
1;34;Grundform 2;blank type 2;19;Kernfußabschlag;plunging flake;;
1;34;Grundform 2;blank type 2;20;Scheibenbeilabschlag (Überläufer);;;
1;34;Grundform 2;blank type 2;25;Scheibenbeilabschlag -> Schmalseitenzurichtung;;;
1;34;Grundform 2;blank type 2;21;Schneidenabschlag;;;
1;34;Grundform 2;blank type 2;22;Abschlag neolithischer Beilproduktion (allgemein, keine weitere Aussage);;;
1;34;Grundform 2;blank type 2;26;Abschlag neolithischer Beilproduktion (Nachschärfung);;;
1;34;Grundform 2;blank type 2;28;Abschlag neolithisches Beil (Gebrauch);;;
1;34;Grundform 2;blank type 2;23;En-nacelle""-Fragment;en nacelle fragment;;
1;34;Grundform 2;blank type 2;24;Languette-Proximalfragment;languette fragment;;
2A;35;Erhaltung der Grundformmaße in Schlagrichtung und senkrecht dazu;Preservation of blank in direction of percussion and ortogonal to it;1;Vollständig;Complete;;
2A;35;Erhaltung der Grundformmaße in Schlagrichtung und senkrecht dazu;Preservation of blank in direction of percussion and ortogonal to it;2;Proximalende, Breite vollständig;Proximal part, width complete;;
2A;35;Erhaltung der Grundformmaße in Schlagrichtung und senkrecht dazu;Preservation of blank in direction of percussion and ortogonal to it;3;Distalende, Breite vollständig;Distal part, width complete;;
2A;35;Erhaltung der Grundformmaße in Schlagrichtung und senkrecht dazu;Preservation of blank in direction of percussion and ortogonal to it;4;Medialfragment, Breite vollständig;Medial fragment, width complete;;
2A;35;Erhaltung der Grundformmaße in Schlagrichtung und senkrecht dazu;Preservation of blank in direction of percussion and ortogonal to it;5;In Schlagrichtung vollständig, Breite unvollständig;Complete in direction of percussion, width not complete;;
2A;35;Erhaltung der Grundformmaße in Schlagrichtung und senkrecht dazu;Preservation of blank in direction of percussion and ortogonal to it;6;Proximalende, Breite unvollständig;Proximal part, width not complete;;
2A;35;Erhaltung der Grundformmaße in Schlagrichtung und senkrecht dazu;Preservation of blank in direction of percussion and ortogonal to it;7;Distalende, Breite unvollständig;Distal part, width not complete;;
2A;35;Erhaltung der Grundformmaße in Schlagrichtung und senkrecht dazu;Preservation of blank in direction of percussion and ortogonal to it;8;Medialfragment, Breite unvollständig;Medial fragment, width not complete;;
2A;35;Erhaltung der Grundformmaße in Schlagrichtung und senkrecht dazu;Preservation of blank in direction of percussion and ortogonal to it;9;Keine Aussage;No statement;;
2A;36;Länge in Schlagrichtung;Length in direction of percussion in mm;000;wenn keine Wallnerlinien erkennbar sind;when no ripples visible;;
2A;37;Breite in Schlagrichtung;Width in direction of percussion in mm;000;wenn keine Wallnerlinien erkennbar sind;when no ripples visible;;
2A;38;Verlauf der Schagrichtung ;Course of the percussion direction;1;In Sektor 1;In sector 1;;
2A;38;Verlauf der Schagrichtung ;Course of the percussion direction;2;In Sektor 2;In sector 2;;
2A;38;Verlauf der Schagrichtung ;Course of the percussion direction;3;In Sektor 3;In sector 3;;
2A;38;Verlauf der Schagrichtung ;Course of the percussion direction;4;In Sektor 4;In sector 4;;
2A;38;Verlauf der Schagrichtung ;Course of the percussion direction;5;In Sektor 5;In sector 5;;
2A;38;Verlauf der Schagrichtung ;Course of the percussion direction;6;In Sektor 6;In sector 6;;
2A;38;Verlauf der Schagrichtung ;Course of the percussion direction;7;Sonderfall 3/4;special case 3/4;;
2A;38;Verlauf der Schagrichtung ;Course of the percussion direction;0;Keine Aussage (wenn ventral keine Wallnerlinien erkennbar);no statement (when no ripples visible);;
2A;39;Schlagwinkel;Angle of percussion;000;Nicht vorhanden;not preserved;;
2A;39;Schlagwinkel;Angle of percussion;999;Keine Aussage (wenn proximal erhalten, aber SW nicht bestimmbar);No statement (proximal part preserved, but angle not determinable);;
2A;40;Wölbung der Grundform;Curvature of blank;0;Nicht vorhanden;Not preserved;;
2A;40;Wölbung der Grundform;Curvature of blank;1;bis 1mm;up to 1mm;;
2A;40;Wölbung der Grundform;Curvature of blank;2;bis 2mm;up to 2mm;;
2A;40;Wölbung der Grundform;Curvature of blank;3;bis 3mm;up to 3mm;;
2A;40;Wölbung der Grundform;Curvature of blank;4;bis 4mm;up to 4mm;;
2A;40;Wölbung der Grundform;Curvature of blank;5;bis 5mm;up to 5mm;;
2A;40;Wölbung der Grundform;Curvature of blank;6;bis 6mm;up to 6mm;;
2A;40;Wölbung der Grundform;Curvature of blank;7;bis 7mm;up to 7mm;;
2A;40;Wölbung der Grundform;Curvature of blank;8;bis 8mm;up to 8mm;;
2A;40;Wölbung der Grundform;Curvature of blank;9;bis 9mm;up to 9mm;;
2A;40;Wölbung der Grundform;Curvature of blank;X;10mm und mehr;10mm and more;;
2A;41;Kantenparallelität (KaPa);Parallelism of lateral edges;6;6 Felder;6 fields;;
2A;41;Kantenparallelität (KaPa);Parallelism of lateral edges;7;7 Felder;7 fields;;
2A;41;Kantenparallelität (KaPa);Parallelism of lateral edges;8;8 Felder;8 fields;;
2A;41;Kantenparallelität (KaPa);Parallelism of lateral edges;9;9 Felder;9 fields;;
2A;41;Kantenparallelität (KaPa);Parallelism of lateral edges;X;10 Felder und mehr;10 fields or more;;
2A;42;Art des Schlagflächenrestes;butt type;0;Kein Schlagflächenrest vorhanden;Butt not preserved;;
2A;42;Art des Schlagflächenrestes;butt type;1;Rinde oder natürliche Sprungfläche;Cortex or natural surface;;
2A;42;Art des Schlagflächenrestes;butt type;2;Kluft;Cleft;;
2A;42;Art des Schlagflächenrestes;butt type;3;Glatt;Smooth;;
2A;42;Art des Schlagflächenrestes;butt type;4;Primär facettiert;Primarily facetted;;
2A;42;Art des Schlagflächenrestes;butt type;5;Sekundär facettiert;Secondarily facetted;;
2A;42;Art des Schlagflächenrestes;butt type;6;Unbestimmbar facettiert;Indetereminably facetted;;
2A;42;Art des Schlagflächenrestes;butt type;7;Schliff;Polish (Flakes of polished tools);;
2A;42;Art des Schlagflächenrestes;butt type;8;Zertrümmert;Smashed;;
2A;42;Art des Schlagflächenrestes;butt type;A;Naturfläche und primäre Facettierung;Natural surface and primarily facetted;;
2A;42;Art des Schlagflächenrestes;butt type;B;Naturfläche und sekundäre Facettierung;Natural surface and secondarily facetted;;
2A;42;Art des Schlagflächenrestes;butt type;C;Primär und sekundär facettiert;Primarily and secondarily facetted;;
2A;42;Art des Schlagflächenrestes;butt type;D;Schliff und primäre Facettierung;Polish and primarily facetted;;
2A;42;Art des Schlagflächenrestes;butt type;E;Schliff und glatt;Polish and smooth;;
2A;42;Art des Schlagflächenrestes;butt type;F;Rinde und glatt;Cortex and smooth;;
2A;42;Art des Schlagflächenrestes;butt type;9;Keine Aussage;No statement;;
2A;43;Schlagflächenrest - Form;butt morphology;0;Kein Schlagflächenrest vorhanden;Butt not preserved;;
2A;43;Schlagflächenrest - Form;butt morphology;1;Oval/spitzoval;Oval/pointed oval;;
2A;43;Schlagflächenrest - Form;butt morphology;2;punktförmig;Punctiform;;
2A;43;Schlagflächenrest - Form;butt morphology;3;Linear/gratförmig;Filiform;;
2A;43;Schlagflächenrest - Form;butt morphology;4;Dreieckig;Triangular;;
2A;43;Schlagflächenrest - Form;butt morphology;5;Rechteckig;Rectangular;;
2A;43;Schlagflächenrest - Form;butt morphology;6;Unregelmäßig;Irregular;;
2A;43;Schlagflächenrest - Form;butt morphology;7;Ventral ausgesplittert;Ventral splinter;;
2A;43;Schlagflächenrest - Form;butt morphology;8;Rautenförmig;Diamond-shaped;;
2A;43;Schlagflächenrest - Form;butt morphology;A;Geflügelt;"En aile d'oiseau (german: ""winged"")";;
2A;43;Schlagflächenrest - Form;butt morphology;B;"""Gewinkelt""";"En chapeau de gendarme? (in german: ""angled"")";;
2A;43;Schlagflächenrest - Form;butt morphology;C;Trapezförmig;Trapezoid;;
2A;43;Schlagflächenrest - Form;butt morphology;9;Keine Aussage;No statement;;
2A;44;Erhaltung des Schlagflächenrestes;Preservation of butt;0;Kein Schlagflächenrest vorhanden;Butt not preserved;;
2A;44;Erhaltung des Schlagflächenrestes;Preservation of butt;1;Länge und Breite vollständig;Length and width preserved;;
2A;44;Erhaltung des Schlagflächenrestes;Preservation of butt;2;Breite unvollständig, Länge vollständig;Width not preserved, length preserved;;
2A;44;Erhaltung des Schlagflächenrestes;Preservation of butt;3;Länge unvollständig, Breite vollständig;Length not preserved, width preserved;;
2A;44;Erhaltung des Schlagflächenrestes;Preservation of butt;4;Länge und Breite unvollständig;Length and width not preserved;;
2A;44;Erhaltung des Schlagflächenrestes;Preservation of butt;5;Burin de Siret;Burin de Siret;;
2A;44;Erhaltung des Schlagflächenrestes;Preservation of butt;6;Keine Aussage;No statement;;
2A;45;Länge des Schlagflächenrestes in mm;Width of butt in mm;;;;;
2A;46;Breite des Schlagflächenrestes in mm;Thickness of butt in mm;;;;;
2A;47;Dorsale Reduktion;dorsal reduction;0;Nicht reduziert;No reduction;;
2A;47;Dorsale Reduktion;dorsal reduction;1;Proximal nicht erhalten;Proximal part not preserved;;
2A;47;Dorsale Reduktion;dorsal reduction;4;Reduktion vorhanden;Dorsal reduction;;
2A;47;Dorsale Reduktion;dorsal reduction;9;Keine Aussage;No statement;;
2A;48;Schlagmerkmale - Lippe;signs of percussion - lip;0;Keine Lippe;No lip;;
2A;48;Schlagmerkmale - Lippe;signs of percussion - lip;1;Proximal nicht erhalten;Proximal part not preserved;;
2A;48;Schlagmerkmale - Lippe;signs of percussion - lip;2;Durch Modifikation entfernt;Removed by modification;;
2A;48;Schlagmerkmale - Lippe;signs of percussion - lip;3;Durch GSM-Retusche entfernt;Removed by GSM retouch;;
2A;48;Schlagmerkmale - Lippe;signs of percussion - lip;4;Lippe vorhanden;Lip present;;
2A;48;Schlagmerkmale - Lippe;signs of percussion - lip;5;Schwach ausgeprägte Lippe vorhanden;weakly developed lip;;
2A;48;Schlagmerkmale - Lippe;signs of percussion - lip;9;Keine Aussage;No statement;;
2A;49;Schlagmerkmale - Kegel;signs of percussion - cone fracture;0;Kein Kegel;No cone fracture;;
2A;49;Schlagmerkmale - Kegel;signs of percussion - cone fracture;1;Proximal nicht erhalten;Proximal part not preserved;;
2A;49;Schlagmerkmale - Kegel;signs of percussion - cone fracture;2;Durch Modifikation entfernt;Removed by modification;;
2A;49;Schlagmerkmale - Kegel;signs of percussion - cone fracture;3;Durch GSM-Retusche entfernt;Removed by GSM retouch;;
2A;49;Schlagmerkmale - Kegel;signs of percussion - cone fracture;4;Kegel vorhanden;Cone fracture present;;
2A;49;Schlagmerkmale - Kegel;signs of percussion - cone fracture;5;Doppelter Kegel;Double cone fracture;;
2A;49;Schlagmerkmale - Kegel;signs of percussion - cone fracture;6;Mehrfacher Kegel;Multiple cone fractures;;
2A;49;Schlagmerkmale - Kegel;signs of percussion - cone fracture;9;Keine Aussage;No statement;;
2A;50;Schlagmerkmale - Bulbus;signs of percussion - bulb;0;Kein Bulbus;No bulb;;
2A;50;Schlagmerkmale - Bulbus;signs of percussion - bulb;1;Proximal nicht erhalten;Proximal part not preserved;;
2A;50;Schlagmerkmale - Bulbus;signs of percussion - bulb;2;Durch Modifikation entfernt;Removed by modification;;
2A;50;Schlagmerkmale - Bulbus;signs of percussion - bulb;3;Durch GSM-Retusche entfernt;Removed by GSM retouch;;
2A;50;Schlagmerkmale - Bulbus;signs of percussion - bulb;4;Ausgeprägter Bulbus vorhanden;Distinctive bulb;;
2A;50;Schlagmerkmale - Bulbus;signs of percussion - bulb;5;Doppelter Bulbus;Double bulb;;
2A;50;Schlagmerkmale - Bulbus;signs of percussion - bulb;6;Diffuser Bulbus;diffuse bulb;;
2A;50;Schlagmerkmale - Bulbus;signs of percussion - bulb;9;Keine Aussage;No statement;;
2A;51;Schlagmerkmale - Schlagnarbe;signs of percussion - bulbar scar ;0;Keine Narbe;No bulbar scar;;
2A;51;Schlagmerkmale - Schlagnarbe;signs of percussion - bulbar scar ;1;Proximal nicht erhalten;Proximal part not preserved;;
2A;51;Schlagmerkmale - Schlagnarbe;signs of percussion - bulbar scar ;2;Durch Modifikation entfernt;Removed by modification;;
2A;51;Schlagmerkmale - Schlagnarbe;signs of percussion - bulbar scar ;3;Durch GSM-Retusche entfernt;Removed by GSM retouch;;
2A;51;Schlagmerkmale - Schlagnarbe;signs of percussion - bulbar scar ;4;Narbe vorhanden;Bulbar scar present;;
2A;51;Schlagmerkmale - Schlagnarbe;signs of percussion - bulbar scar ;5;Doppelte Narbe;Double scar;;
2A;51;Schlagmerkmale - Schlagnarbe;signs of percussion - bulbar scar ;6;Mehrfache Narbe;Multiple scars;;
2A;51;Schlagmerkmale - Schlagnarbe;signs of percussion - bulbar scar ;7;Ausgesplitterte Narbe;Splintered scar ;;
2A;51;Schlagmerkmale - Schlagnarbe;signs of percussion - bulbar scar ;9;Keine Aussage;No statement;;
2A;52;Schlagaugen auf dem Schlagflächenrest, die nicht zur Abtrennung der Grundform geführt haben;ring cracks on butt that did not result in removal of blank;0;Schlagaugen nicht vorhanden;no ring crack;;
2A;52;Schlagaugen auf dem Schlagflächenrest, die nicht zur Abtrennung der Grundform geführt haben;ring cracks on butt that did not result in removal of blank;1;Proximal nicht erhalten;Proximal part not preserved;;
2A;52;Schlagaugen auf dem Schlagflächenrest, die nicht zur Abtrennung der Grundform geführt haben;ring cracks on butt that did not result in removal of blank;2;Durch Modifikation entfernt;Removed by modification;;
2A;52;Schlagaugen auf dem Schlagflächenrest, die nicht zur Abtrennung der Grundform geführt haben;ring cracks on butt that did not result in removal of blank;3;Durch GSM-Retusche entfernt;Removed by GSM retouch;;
2A;52;Schlagaugen auf dem Schlagflächenrest, die nicht zur Abtrennung der Grundform geführt haben;ring cracks on butt that did not result in removal of blank;4;Schlagaugen vorhanden;ring crack present;;
2A;52;Schlagaugen auf dem Schlagflächenrest, die nicht zur Abtrennung der Grundform geführt haben;ring cracks on butt that did not result in removal of blank;9;Nicht entscheidbar/Keine Aussage;Indeterminable/no statement;;
2A;53;Zustand des Distalendes;distal end;00;distal nicht erhalten;Not preserved;;
2A;53;Zustand des Distalendes;distal end;02;Durch GSM-Retusche entfernt;Removed by GSM retouch;;
2A;53;Zustand des Distalendes;distal end;03;Spitz zulaufend (dünn);Peaked (thin);;
2A;53;Zustand des Distalendes;distal end;33;Spitz zulaufend (dick);Peaked (thick);;
2A;53;Zustand des Distalendes;distal end;04;Gerade endend (dünn);Flat (thin);;
2A;53;Zustand des Distalendes;distal end;44;Gerade endend (dick);Flat (thick);;
2A;53;Zustand des Distalendes;distal end;05;Ausgebogen (Angelbruch);Bent (hinge);;
2A;53;Zustand des Distalendes;distal end;06;Stufenbruch;Step fracture;;
2A;53;Zustand des Distalendes;distal end;07;Eingebogen (Kernfuß;Bent inwards (Overshot);;
2A;53;Zustand des Distalendes;distal end;01;Durch Modifikation entfernt;Removed by modification;;
2A;53;Zustand des Distalendes;distal end;08;Durch Modifikation reduziert /anretuschiert (=tw. Erhalten);Reduced by Modification (partially preserved);;
2A;53;Zustand des Distalendes;distal end;83;Durch Modifikation reduziert /anretuschiert (=tw. Erhalten) (dünn);Reduced by Modification (partially preserved) (thin);;
2A;53;Zustand des Distalendes;distal end;84;Durch Modifikation reduziert /anretuschiert (=tw. Erhalten) (dick);Reduced by Modification (partially preserved) (thick);;
2A;53;Zustand des Distalendes;distal end;85;Durch Modifikation reduziert /anretuschiert (=tw. Erhalten) (hinge);Reduced by Modification (partially preserved) (hinge);;
2A;53;Zustand des Distalendes;distal end;09;Keine Aussage;No statement;;
2A;54;Anzahl der Negative auf der Dorsalseite und dem SFR über 2cm mit Bulbusnegativ;Number of negatives on the dorsal side or butt >2cm with bulb negatives;0;Keine Negative (wenn nur Kortex oder schalige Aussprünge);No negatives (only cortex or potlid fractures);;
2A;54;Anzahl der Negative auf der Dorsalseite und dem SFR über 2cm mit Bulbusnegativ;Number of negatives on the dorsal side or butt >2cm with bulb negatives;99;nur Negative unter 2cm;only negatives <2cm;;
2A;54;Anzahl der Negative auf der Dorsalseite und dem SFR über 2cm mit Bulbusnegativ;Number of negatives on the dorsal side or butt >2cm with bulb negatives;98;Keine Aussage, z.B. bei Felsgesteinartefakten;No statement, e.g. for rock artefacts;;
2A;55;Anzahl der Negative auf der Dorsalseite und dem SFR über 2cm ohne Bulbusnegativ;Number of negatives on the dorsal side or butt >2cm without bulb negatives;00;Keine Negative (wenn nur Kortex oder schalige Aussprünge);No negatives (only cortex or potlid fractures);;
2A;55;Anzahl der Negative auf der Dorsalseite und dem SFR über 2cm ohne Bulbusnegativ;Number of negatives on the dorsal side or butt >2cm without bulb negatives;99;nur Negative unter 2cm;only negatives <2cm;;
2A;55;Anzahl der Negative auf der Dorsalseite und dem SFR über 2cm ohne Bulbusnegativ;Number of negatives on the dorsal side or butt >2cm without bulb negatives;98;Keine Aussage, z.B. bei Felsgesteinartefakten;No statement, e.g. for rock artefacts;;
2A;55;Anzahl der Negative auf der Dorsalseite und dem SFR über 2cm ohne Bulbusnegativ;Number of negatives on the dorsal side or butt >2cm without bulb negatives;97;Dorsalfläche überschliffen;Dorsal side entirely polished;;
2A;55;Anzahl der Negative auf der Dorsalseite und dem SFR über 2cm ohne Bulbusnegativ;Number of negatives on the dorsal side or butt >2cm without bulb negatives;96;partiell überschliffen, dann wird Zahl nicht aufgenommen;Dorsal side partially polished, no number recorded;;
2A;56;Art der Dorsalflächenpräparation;Type of dorsal preparation;0;Keine Dorsalflächenpräparation;No dorsal preparation;;
2A;56;Art der Dorsalflächenpräparation;Type of dorsal preparation;1;Präparation einseitig primär;Unilateral, primary;;
2A;56;Art der Dorsalflächenpräparation;Type of dorsal preparation;2;Präparation einseitig sekundär;Unilateral, secondary;;
2A;56;Art der Dorsalflächenpräparation;Type of dorsal preparation;3;Präparation beidseitig, einmal primär, einmal sekundär;Bilateral, one primary, one secondary;;
2A;56;Art der Dorsalflächenpräparation;Type of dorsal preparation;4;Präparation beidseitig primär;Bilateral, primary;;
2A;56;Art der Dorsalflächenpräparation;Type of dorsal preparation;5;Präparation einseitig primär und sekundär;Unilaterial, primary and secondary;;
2A;56;Art der Dorsalflächenpräparation;Type of dorsal preparation;6;Präparation beidseitig primär und sekundär;Bilateral, primary and secondary;;
2A;56;Art der Dorsalflächenpräparation;Type of dorsal preparation;7;Keine Aussage über Art der Präparation;No statement for type of preparation;;
2A;56;Art der Dorsalflächenpräparation;Type of dorsal preparation;8;Keine Aussage, ob Präparation vorhanden oder nicht;No statement whether prepared;;
2A;57;Verlauf des Präparationsgrates;Course of the preparation ridge;0;Keine Dorsalflächenpräparation;No dorsal preparation;;
2A;57;Verlauf des Präparationsgrates;Course of the preparation ridge;1;Gerade verlaufender Präparationsgrat, über die ganze erhaltene Länge des Stückes;Straight, over entire length of piece;;
2A;57;Verlauf des Präparationsgrates;Course of the preparation ridge;2;Gerade verlaufender Präparationsgrat, nur über einen Teil des Stückes zu verfolgen;Straight, over parts of the piece;;
2A;57;Verlauf des Präparationsgrates;Course of the preparation ridge;3;Halbrund verlaufender Präparationsgrat;Crescent shape (halfround);;
2A;57;Verlauf des Präparationsgrates;Course of the preparation ridge;4;Rundum verlaufender Präparationsgrat;Round;;
2A;57;Verlauf des Präparationsgrates;Course of the preparation ridge;5;Anders verlaufender Präparationsgrat;Other course;;
2A;57;Verlauf des Präparationsgrates;Course of the preparation ridge;6;Keine Aussage;No statement;;
2A;58;Abbaurichtung der Dorsalflächennegative;Direction of reduction of dorsal negatives;0;Keine Negative vorhanden bzw. Verlauf nicht erkennbar;No negatives or course not determinable;;
2A;58;Abbaurichtung der Dorsalflächennegative;Direction of reduction of dorsal negatives;1;Gleichgerichtet;Rectified (all negatives in course of percussion of blank);;
2A;58;Abbaurichtung der Dorsalflächennegative;Direction of reduction of dorsal negatives;2;Gegenläufig;Opposite direction (all negatives against course of percussion of blank);;
2A;58;Abbaurichtung der Dorsalflächennegative;Direction of reduction of dorsal negatives;3;Gemischt (bipolar);Bipolar;;
2A;58;Abbaurichtung der Dorsalflächennegative;Direction of reduction of dorsal negatives;4;Gleichgerichtet - quer;Rectified and transverse;;
2A;58;Abbaurichtung der Dorsalflächennegative;Direction of reduction of dorsal negatives;5;Gegenläufig - quer;Opposite direction and transverse;;
2A;58;Abbaurichtung der Dorsalflächennegative;Direction of reduction of dorsal negatives;6;Gemischt - quer;Bipolar and transverse;;
2A;58;Abbaurichtung der Dorsalflächennegative;Direction of reduction of dorsal negatives;7;Quer;Transverse;;
2A;58;Abbaurichtung der Dorsalflächennegative;Direction of reduction of dorsal negatives;8;Konzentrisch;Concentric;;
2A;58;Abbaurichtung der Dorsalflächennegative;Direction of reduction of dorsal negatives;9;Andere Abbaurichtung;Other direction;;
2A;59;Art der Modifikation bei Abschlägen und Klingen - Geräteretuschen;modifications tools;00;nicht modifiziert;not modified;;
2A;59;Art der Modifikation bei Abschlägen und Klingen - Geräteretuschen;modifications tools;01;Pfeilspitze/Mikrolith;arrowhead/microlith;;
2A;59;Art der Modifikation bei Abschlägen und Klingen - Geräteretuschen;modifications tools;45;Querschneider;transverse arrowhead;;
2A;59;Art der Modifikation bei Abschlägen und Klingen - Geräteretuschen;modifications tools;02;Bohrer;borer;;
2A;59;Art der Modifikation bei Abschlägen und Klingen - Geräteretuschen;modifications tools;03;Spitzklinge;pointed blade;;
2A;59;Art der Modifikation bei Abschlägen und Klingen - Geräteretuschen;modifications tools;04;Kratzer;endscraper;;
2A;59;Art der Modifikation bei Abschlägen und Klingen - Geräteretuschen;modifications tools;06;Endretusche;truncation;;
2A;59;Art der Modifikation bei Abschlägen und Klingen - Geräteretuschen;modifications tools;07;Stichel;burin ;;
2A;59;Art der Modifikation bei Abschlägen und Klingen - Geräteretuschen;modifications tools;09;Aussplitterung (wenn bipolar, dann x2);splintered piece;;
2A;59;Art der Modifikation bei Abschlägen und Klingen - Geräteretuschen;modifications tools;12;Sichelglanz kantenparallel;sicklegloss parallel to edge;;
2A;59;Art der Modifikation bei Abschlägen und Klingen - Geräteretuschen;modifications tools;13;Sichelglanz nicht kantenparallel;sicklegloss not parallel to edge;;
2A;59;Art der Modifikation bei Abschlägen und Klingen - Geräteretuschen;modifications tools;1X;Sichelglanu unbestimmt;sicklegloss indetermined;;
2A;59;Art der Modifikation bei Abschlägen und Klingen - Geräteretuschen;modifications tools;46;Scheibenbeil;;;
2A;59;Art der Modifikation bei Abschlägen und Klingen - Geräteretuschen;modifications tools;60;Kernbeil;core axe;;
2A;59;Art der Modifikation bei Abschlägen und Klingen - Geräteretuschen;modifications tools;23;Beil oder Dechsel;adze;;
2A;59;Art der Modifikation bei Abschlägen und Klingen - Geräteretuschen;modifications tools;70;Flächenretuschiertes Kerngerät;core tool with facial retouch;;
2A;59;Sonstige Zurichtungsspuren;other modifications ;33;Sonstige Retusche (Kerben hierher oder eventuell zu Buchtung);other retouch;;
2A;59;Sonstige Zurichtungsspuren;other modifications ;39;Anretuschierter Bulbus;retouch on bulb;;
2A;59;Sonstige Zurichtungsspuren;other modifications ;19;Grobgerät;;;
2A;59;Sonstige Zurichtungsspuren;other modifications ;32;Retuschierte Ecke an Bruch grenzend;;;
2A;59;Sonstige Zurichtungsspuren;other modifications ;08;Kerbrest in Kerbbruchtechnik;microburin by breaking;;
2A;59;Sonstige Zurichtungsspuren;other modifications ;35;Kerbrest in Kerbschlagtechnik;microburin by knapping;;
2A;59;Sonstige Zurichtungsspuren;other modifications ;61;Kerbbruch oder -schlag nicht entscheidbar;microburin with indeterminable technique;;
2A;59;Sonstige Zurichtungsspuren;other modifications ;34;Stichelabfall;burin spall;;
2A;59;Sonstige Zurichtungsspuren;other modifications ;62;Buchtung/Kerbe;notch;;
2A;59;Sonstige Zurichtungsspuren;other modifications ;63;Zähnung;toothed;;
2A;59;Sonstige Zurichtungsspuren;other modifications ;28;Lochung;perforated;;
2A;59;Sonstige Zurichtungsspuren;other modifications ;67;burin transversale;transversal burin;;
2A;59;Sonstige Zurichtungsspuren;other modifications ;68;Schliff (wenn nur ABS von Beil);polish;;
2A;59;Gebrauchsspuren;usewear traces ;15;Klopfer/Klopfspuren;hammerstone;;
2A;59;Gebrauchsspuren;usewear traces ;16;Schlagnarbenfeld (bei Abschlag);impact scars (for flakes);;
2A;59;Gebrauchsspuren;usewear traces ;27;Rötelspuren;raddle traces;;
2A;59;Gebrauchsspuren;usewear traces ;11;Verrundung der Grate einer Fläche;rounded ridges of one surface;;
2A;59;Gebrauchsspuren;usewear traces ;10;Verrundung einer Kante;rounded edge;;
2A;59;Gebrauchsspuren;usewear traces ;31;Feine Gebrauchsspuren;fine traces of use;;
2A;59;Gebrauchsspuren;usewear traces ;38;Schmaler Glanzsaum;narrow glossy hem on edge;;
2A;59;Gebrauchsspuren;usewear traces ;14;Zähnung bei Lackglanz;toothed edge with sicklegloss;;
2A;59;Gebrauchsspuren;usewear traces ;44;Aussplitterung dorsaler Grate bei Bohrern;splintering of dorsal ridges for borers;;
2A;59;Gebrauchsspuren;usewear traces ;52;Polituren (kleine spiegelnde Flächen);polishes (small shiny spots);;
2A;59;Gebrauchsspuren;usewear traces ;53;Fettglanz (seifig matt glänzend);oily sheen (soapy matt shine);;
2A;59;Gebrauchsspuren;usewear traces ;64;GSM-Retusche (31-artige feine Gebrauchsspuren + 30-neuer Bruch);retouch by excavation or storage or handling;;
2A;59;Gebrauchsspuren;usewear traces ;66;Tordierter stichelartiger Ausbruch;twisted burin-like fracture;;
2A;59;Gebrauchsspuren;usewear traces ;69;Reste von Schäftungsmitteln;residues of hafting ;;
2A;59;Gebrauchsspuren;usewear traces ;71;Glanz auf Bulbus;shine on bulb;;
2A;59;Brüche ;fractures;17;Alter Bruch;old fracture;;
2A;59;Brüche ;fractures;30;Neuer Bruch;fresh fracture ;;
2A;59;Brüche ;fractures;65;Negativ;negative;;
2A;59;Brüche ;fractures;20 ;Bruch durch Abschlagen;fracture by knapping;;
2A;60;Reihenfolge der Modifikationen bei Abschlägen und Klingen;sequence of modifications ;;;;;
2B;61;Kerntyp;core type;0;Nicht bestimmbar;Not determinable;;
2B;61;Kerntyp;core type;1;Abschlagkernstein (mind. 2 Negative > 1cm²);Flake core (min. 2 negatives > 1cm²);;
2B;61;Kerntyp;core type;2;Klingenkern (mind. Zwei Klingennegative);Blade core (min. two blade negatives);;
2B;61;Kerntyp;core type;3;Mikroklingenkern (Negativbreite <1cm);Microblade core (width of negatives <1cm);;
2B;62;Kernform;core shape;0;Nicht bestimmbar;Not determinable;;
2B;62;Kernform;core shape;1;Konisch;Conical;;
2B;62;Kernform;core shape;2;Zylindrisch;Cylindrical;;
2B;62;Kernform;core shape;3;Unregelmäßig;Irregular;;
2B;62;Kernform;core shape;4;Diskoid;Discoidal;;
2B;62;Kernform;core shape;5;Spezieller Mikroklingenkern;Microblade core  ;;
2B;62;Kernform;core shape;6;Einseitig, flächig behauener Kern;One side, extensively flaked core;;
2B;62;Kernform;core shape;7;Einseitig, an der Kante behauene Abschläge;One side, flaked knapped on edge;;
2B;62;Kernform;core shape;8;Klingenkern mit flächiger, kaum gewölbter Abbaufläche;Blade core with flat, little curved flaking surface;;
2B;63;Anzahl der Abschlagnegative über 2cm Ausdehnung mit Bulbusnegativ;Number of flake negatives >2cm with bulb negative;;;;;
2B;64;Anzahl der Abschlagnegative über 2cm Ausdehnung ohne Bulbusnegativ;Number of flake negatives >2cm without bulb negative;;;;;
2B;65;Anzahl der Klingennegative über 2cm größter Ausdehnung mit Bulbusnegativ;Number of blade negatives >2cm with bulb negatives;;;;;
2B;66;Anzahl der Klingennegative über 2cm größter Ausdehnung ohne Bulbusnegativ;Number of blade negatives >2cm without bulb negatives;;;;;
2B;67;Lage von Klopfspuren;Position of percussion marks;0;Grundform nicht erhalten bzw. keine Klopfspuren;Blank not preserved / no percussion marks;;
2B;67;Lage von Klopfspuren;Position of percussion marks;1;einendig;Unipolar;;
2B;67;Lage von Klopfspuren;Position of percussion marks;2;bipolar;Bipolar;;
2B;67;Lage von Klopfspuren;Position of percussion marks;3;Einflächig außer polar;One surface (not polar);;
2B;67;Lage von Klopfspuren;Position of percussion marks;4;Mehr als bipolar;More than bipolar;;
2B;67;Lage von Klopfspuren;Position of percussion marks;5;unbestimmbar;Indeterminable;;
2B;67;Lage von Klopfspuren;Position of percussion marks;6;2 Klopffelder, die nicht bipolar angelegt sind;two areas of percussion marks that are not bipolar;;
2B;67;Lage von Klopfspuren;Position of percussion marks;7;An Kante gelegen, umlaufend, vollständig;On the entire edge, circumferential;;
2B;67;Lage von Klopfspuren;Position of percussion marks;8;An umlaufender Kante, umlaufend, teilweise;On edge, partially;;
2B;68;Lage von Retuschiernarbenfeldern und Pickgrübchen;Position of scar fields and pecked hollows;0;keine;None;;
2B;68;Lage von Retuschiernarbenfeldern und Pickgrübchen;Position of scar fields and pecked hollows;1;Zentral einseitig;central, one side;;
2B;68;Lage von Retuschiernarbenfeldern und Pickgrübchen;Position of scar fields and pecked hollows;2;Zentral zweiseitig;central, two sides;;
2B;68;Lage von Retuschiernarbenfeldern und Pickgrübchen;Position of scar fields and pecked hollows;3;Nicht zentral einseitig;Not central, one side;;
2B;68;Lage von Retuschiernarbenfeldern und Pickgrübchen;Position of scar fields and pecked hollows;4;Nicht zentral zweiseitig;Not central, two sides;;
2B;68;Lage von Retuschiernarbenfeldern und Pickgrübchen;Position of scar fields and pecked hollows;5;Zentral, nicht zentral einseitig;Central, not central, one side;;
2B;68;Lage von Retuschiernarbenfeldern und Pickgrübchen;Position of scar fields and pecked hollows;6;Zentral, nicht zentral zweiseitig;Central, not central, two sides;;
2B;68;Lage von Retuschiernarbenfeldern und Pickgrübchen;Position of scar fields and pecked hollows;7;Anders;Other;;
2B;68;Lage von Retuschiernarbenfeldern und Pickgrübchen;Position of scar fields and pecked hollows;8;Grundform nicht erhalten;Blank not preserved;;
2B;69;Orientierung der Retuschiernarben;Orientation of retouching scars;0;Keine;None;;
2B;69;Orientierung der Retuschiernarben;Orientation of retouching scars;1;Nicht erkennbar;Not visible;;
2B;69;Orientierung der Retuschiernarben;Orientation of retouching scars;2;Parallel zur Längsachse;Parallel to longitudinal axis;;
2B;69;Orientierung der Retuschiernarben;Orientation of retouching scars;3;Quer zur Längsachse;Transverse to longitudinal axis;;
2B;69;Orientierung der Retuschiernarben;Orientation of retouching scars;4;Schräg zur Längsachse;Oblique to longitudinal axis;;
2B;69;Orientierung der Retuschiernarben;Orientation of retouching scars;5;Unregelmäßig;Irregular;;
2B;70;Anzahl der Schlagflächen;Number of striking platforms;0;Keine Schlagfläche;No striking platform;;
2B;70;Anzahl der Schlagflächen;Number of striking platforms;1;Eine Schlagfläche;One striking platform;;
2B;70;Anzahl der Schlagflächen;Number of striking platforms;2;Zwei gegenüberliegende Schlagflächen;Two opposite striking platforms;;
2B;70;Anzahl der Schlagflächen;Number of striking platforms;3;zwei rechtwinklig aufeinanderstehende Schlagflächen;Two perpendicular striking platforms;;
2B;70;Anzahl der Schlagflächen;Number of striking platforms;4;Zwei Schlagflächen, die sich gegenseitig als Abbauflächen dienen;Two striking platforms being used as flaking surfaces respectively;;
2B;70;Anzahl der Schlagflächen;Number of striking platforms;5;mehr als zwei Schlagflächen;More than two striking platforms;;
2B;70;Anzahl der Schlagflächen;Number of striking platforms;6;Anzahl der Schlagflächen unbestimmbar;Number of striking platforms indeterminable;;
2B;71;Oberflächenart der (größten) Schlagfläche;Surface type of the l(largest) striking platform;0;Keine Schlagfläche;No striking platform;;
2B;71;Oberflächenart der (größten) Schlagfläche;Surface type of the l(largest) striking platform;1;Schlagfläche mit nur einem Negativ;Striking platform with only one negative;;
2B;71;Oberflächenart der (größten) Schlagfläche;Surface type of the l(largest) striking platform;2;Schlagfläche mit mehr als einem Negativ;Striking platform with more than one negative;;
2B;71;Oberflächenart der (größten) Schlagfläche;Surface type of the l(largest) striking platform;3;Schlagfläche mit Kortex oder natürlicher Sprungfläche;Striking platform with cortex or natural surface;;
2B;71;Oberflächenart der (größten) Schlagfläche;Surface type of the l(largest) striking platform;4;keine Aussage;No statement;;
2B;71;Oberflächenart der (größten) Schlagfläche;Surface type of the l(largest) striking platform;6;Gratförmig;Ridge;;
2B;71;Oberflächenart der (größten) Schlagfläche;Surface type of the l(largest) striking platform;7;Ventralfläche bei Kern aus Abschlag;Ventral side (for core on flake);;
2B;72;Anzahl der Abbauflächen;Number of faking surfaces;1;Eine Abbaufläche;One flaking surface;;
2B;72;Anzahl der Abbauflächen;Number of faking surfaces;2;Zwei Abbauflächen;Two flaking surfaces;;
2B;72;Anzahl der Abbauflächen;Number of faking surfaces;9;Keine Aussage bzw. mehr als acht Abbauflächen;No statement / more than 8;;
2B;73;Abbaurichtung der (größten) Abbaufläche;Striking direction of the (largest) flaking surface;0;Nur ein Negativ;Only one negative;;
2B;73;Abbaurichtung der (größten) Abbaufläche;Striking direction of the (largest) flaking surface;1;Parallel;Parallel;;
2B;73;Abbaurichtung der (größten) Abbaufläche;Striking direction of the (largest) flaking surface;2;Gemischt/bipolar;Bipolar;;
2B;73;Abbaurichtung der (größten) Abbaufläche;Striking direction of the (largest) flaking surface;3;Parallel und quer;Parallel and transverse;;
2B;73;Abbaurichtung der (größten) Abbaufläche;Striking direction of the (largest) flaking surface;4;Gemischt und quer;Bipolar and transverse;;
2B;73;Abbaurichtung der (größten) Abbaufläche;Striking direction of the (largest) flaking surface;5;Keine Aussage, andere Abbaurichtung;No statement, other direction;;
2B;74;Länge der größten Schlagfläche in mm;Length of (largest) striking platform in mm;999;Keine Schlagfläche vollständig erhalten;No striking platform completely preserved;;
2B;74;Länge der größten Schlagfläche in mm;Length of (largest) striking platform in mm;998;Maße nicht erkennbar bzw. Größe nicht erkennbar;Dimensions and size not detectable;;
2B;75;Breite der größten Schlagfläche in mm;Width of (largest) striking platform in mm;999;Keine Schlagfläche vollständig erhalten;No striking platform completely preserved;;
2B;75;Breite der größten Schlagfläche in mm;Width of (largest) striking platform in mm;998;Maße nicht erkennbar bzw. Größe nicht erkennbar;Dimensions and size not detectable;;
2B;2B_59;Art der Modifikationen bei Kernen, Trümmern und Geröllen ;Type of modification for cores, debris and pebbles;15;Klopfer ;hammerstone;;
2B;2B_59;Art der Modifikationen bei Kernen, Trümmern und Geröllen ;Type of modification for cores, debris and pebbles;16;Schlagnarbenfeld  ;impact scars;;
2B;2B_59;Art der Modifikationen bei Kernen, Trümmern und Geröllen ;Type of modification for cores, debris and pebbles;09;Aussplitterung;Splinter;;
2B;2B_59;Art der Modifikationen bei Kernen, Trümmern und Geröllen ;Type of modification for cores, debris and pebbles;33;Sonstige Retusche  ;other retouch;;
2B;2B_59;Art der Modifikationen bei Kernen, Trümmern und Geröllen ;Type of modification for cores, debris and pebbles;19;Grobgerät;;;
2B;2B_59;Art der Modifikationen bei Kernen, Trümmern und Geröllen ;Type of modification for cores, debris and pebbles;31;Feine Gebrauchsspuren;fine traces of use;;
2B;2B_59;Art der Modifikationen bei Kernen, Trümmern und Geröllen ;Type of modification for cores, debris and pebbles;11;Verrundung der Grate einer Fläche;rounded ridges of one surface;;
2B;2B_59;Art der Modifikationen bei Kernen, Trümmern und Geröllen ;Type of modification for cores, debris and pebbles;10;Verrundung einer Kante;rounded edge;;
2B;2B_59;Art der Modifikationen bei Kernen, Trümmern und Geröllen ;Type of modification for cores, debris and pebbles;27;Rötelspuren;raddle traces;;
2B;2B_59;Art der Modifikationen bei Kernen, Trümmern und Geröllen ;Type of modification for cores, debris and pebbles;22;Pickspuren;;;
2B;2B_59;Art der Modifikationen bei Kernen, Trümmern und Geröllen ;Type of modification for cores, debris and pebbles;25;Retuscheur;use as flaker;;
2B;2B_59;Art der Modifikationen bei Kernen, Trümmern und Geröllen ;Type of modification for cores, debris and pebbles;42;Pickgrübchen;;;
2B;2B_59;Art der Modifikationen bei Kernen, Trümmern und Geröllen ;Type of modification for cores, debris and pebbles;29;Ritzen und Schrammen;incisions and scratches;;
2B;2B_59;Art der Modifikationen bei Kernen, Trümmern und Geröllen ;Type of modification for cores, debris and pebbles;17;Alter Bruch;old fracture;;
2B;2B_59;Art der Modifikationen bei Kernen, Trümmern und Geröllen ;Type of modification for cores, debris and pebbles;30;Neuer Bruch;fresh fracture ;;
2B;2B_60;Reihenfolge der Modifikationen bei Kernen, Trümmern und Geröllen;;;;;;
2C;76;Zurichtung der Seiten (insgesamt auf allen erhaltenen Seiten);;0;Keine Seite erhalten;;;
2C;76;Zurichtung der Seiten (insgesamt auf allen erhaltenen Seiten);;1;Keine Zurichtung;;;
2C;76;Zurichtung der Seiten (insgesamt auf allen erhaltenen Seiten);;2;Geschlagen;;;
2C;76;Zurichtung der Seiten (insgesamt auf allen erhaltenen Seiten);;3;Gepickt;;;
2C;76;Zurichtung der Seiten (insgesamt auf allen erhaltenen Seiten);;4;Geschliffen;;;
2C;76;Zurichtung der Seiten (insgesamt auf allen erhaltenen Seiten);;5;Geschlagen und gepickt;;;
2C;76;Zurichtung der Seiten (insgesamt auf allen erhaltenen Seiten);;6;Geschlagen und geschliffen;;;
2C;76;Zurichtung der Seiten (insgesamt auf allen erhaltenen Seiten);;7;Gepickt und geschliffen;;;
2C;76;Zurichtung der Seiten (insgesamt auf allen erhaltenen Seiten);;8;Geschlagen gepickt und geschliffen;;;
2C;76;Zurichtung der Seiten (insgesamt auf allen erhaltenen Seiten);;9;Keine Aussage;;;
2C;77;Zurichtung der Unterseite (gegenüber der Arbeitsfläche);;0;Keine Aussage wenn vermutlich nicht erhalten;;;
2C;77;Zurichtung der Unterseite (gegenüber der Arbeitsfläche);;1;Keine Zurichtung;;;
2C;77;Zurichtung der Unterseite (gegenüber der Arbeitsfläche);;2;Geschlagen;;;
2C;77;Zurichtung der Unterseite (gegenüber der Arbeitsfläche);;3;Gepickt und geschliffen;;;
2C;77;Zurichtung der Unterseite (gegenüber der Arbeitsfläche);;4;Geschliffen;;;
2C;77;Zurichtung der Unterseite (gegenüber der Arbeitsfläche);;5;Geschlagen und gepickt;;;
2C;77;Zurichtung der Unterseite (gegenüber der Arbeitsfläche);;6;Geschlagen und geschliffen;;;
2C;77;Zurichtung der Unterseite (gegenüber der Arbeitsfläche);;7;Gepickt und geschliffen;;;
2C;77;Zurichtung der Unterseite (gegenüber der Arbeitsfläche);;8;Geschlagen gepickt und geschliffen;;;
2C;77;Zurichtung der Unterseite (gegenüber der Arbeitsfläche);;9;Zweite Arbeitsfläche;;;
2C;78;Lage der Rötelspuren;;0;Keine Rötelspuren;;;
2C;78;Lage der Rötelspuren;;1;Auf einer oder beiden Arbeitsflächen;;;
2C;78;Lage der Rötelspuren;;2;Auf Längs- und Unterseite;;;
2C;78;Lage der Rötelspuren;;3;Auf Bruchfläche;;;
2C;78;Lage der Rötelspuren;;4;Auf Arbeitsfläche und Langs- oder Unterseite ;;;
2C;78;Lage der Rötelspuren;;5;Auf Arbeits- und Bruchfläche;;;
2C;78;Lage der Rötelspuren;;6;Auf Längs- oder Unterseite und Bruchfläche;;;
2C;78;Lage der Rötelspuren;;7;Auf Arbeits- und Bruchfläche und Langs- oder Unterseite;;;
2C;78;Lage der Rötelspuren;;8;Keine Aussage;;;
2C;79;Längsschnitt der Arbeitsfläche im Verhältnis zu den Arbeitsspuren (das sind Riefen in Bewegungsrichtung);;0;Richtung der Arbeitsspuren nicht erkennbar;;;
2C;79;Längsschnitt der Arbeitsfläche im Verhältnis zu den Arbeitsspuren (das sind Riefen in Bewegungsrichtung);;1;Konvex;;;
2C;79;Längsschnitt der Arbeitsfläche im Verhältnis zu den Arbeitsspuren (das sind Riefen in Bewegungsrichtung);;2;Gerade eben;;;
2C;79;Längsschnitt der Arbeitsfläche im Verhältnis zu den Arbeitsspuren (das sind Riefen in Bewegungsrichtung);;3;Konkav;;;
2C;79;Längsschnitt der Arbeitsfläche im Verhältnis zu den Arbeitsspuren (das sind Riefen in Bewegungsrichtung);;4;Unregelmäßig;;;
2C;79;Längsschnitt der Arbeitsfläche im Verhältnis zu den Arbeitsspuren (das sind Riefen in Bewegungsrichtung);;5;Keine Aussage;;;
2C;80;Längsschnitt der zweiten Arbeitsfläche im Verhältnis zu den Arbeitsspuren;;0;Richtung der Arbeitsspuren nicht erkennbar;;;
2C;80;Längsschnitt der zweiten Arbeitsfläche im Verhältnis zu den Arbeitsspuren;;1;Konvex;;;
2C;80;Längsschnitt der zweiten Arbeitsfläche im Verhältnis zu den Arbeitsspuren;;2;Gerade eben;;;
2C;80;Längsschnitt der zweiten Arbeitsfläche im Verhältnis zu den Arbeitsspuren;;3;Konkav;;;
2C;80;Längsschnitt der zweiten Arbeitsfläche im Verhältnis zu den Arbeitsspuren;;4;Unregelmäßig;;;
2C;80;Längsschnitt der zweiten Arbeitsfläche im Verhältnis zu den Arbeitsspuren;;5;Keine Aussage;;;
2C;80;Längsschnitt der zweiten Arbeitsfläche im Verhältnis zu den Arbeitsspuren;;6;Keine zweite Arbeitsfläche vorhanden;;;
2C;81;Anzahl der Schleifmulden oder Rillen (von 1-8);;0;Keine Mulden oder Rillen vorhanden;;;
2C;81;Anzahl der Schleifmulden oder Rillen (von 1-8);;1;Eine Mulde oder Rille vorhanden;;;
2C;81;Anzahl der Schleifmulden oder Rillen (von 1-8);;8;Acht Mulden oder Rillen vorhanden;;;
2C;81;Anzahl der Schleifmulden oder Rillen (von 1-8);;9;Keine Aussage;;;
2C;82;Schnitt quer zu den Arbeitsspuren;;0;Richtung der Arbeitsspuren nicht erkennbar;;;
2C;82;Schnitt quer zu den Arbeitsspuren;;1;Konvex;;;
2C;82;Schnitt quer zu den Arbeitsspuren;;2;Gerade eben;;;
2C;82;Schnitt quer zu den Arbeitsspuren;;3;Konkav;;;
2C;82;Schnitt quer zu den Arbeitsspuren;;4;Unregelmäßig;;;
2C;82;Schnitt quer zu den Arbeitsspuren;;5;Keine Aussage;;;
2C;83;Schnitt quer zu den Arbeitsspuren auf der zweiten Fläche;;0;Richtung der Arbeitsspuren nicht erkennbar;;;
2C;83;Schnitt quer zu den Arbeitsspuren auf der zweiten Fläche;;1;Konvex;;;
2C;83;Schnitt quer zu den Arbeitsspuren auf der zweiten Fläche;;2;Gerade eben;;;
2C;83;Schnitt quer zu den Arbeitsspuren auf der zweiten Fläche;;3;Konkav;;;
2C;83;Schnitt quer zu den Arbeitsspuren auf der zweiten Fläche;;4;Unregelmäßig;;;
2C;83;Schnitt quer zu den Arbeitsspuren auf der zweiten Fläche;;5;Keine Aussage;;;
2C;83;Schnitt quer zu den Arbeitsspuren auf der zweiten Fläche;;6;Keine zweite Arbeitsfläche vorhanden;;;
2C;84;Zustand der ersten Mahl- oder Schleiffläche (Art der Zurichtung);;0;Keine Mahl- oder Schleiffläche;;;
2C;84;Zustand der ersten Mahl- oder Schleiffläche (Art der Zurichtung);;1;Keine Pick- oder Schliffspuren;;;
2C;84;Zustand der ersten Mahl- oder Schleiffläche (Art der Zurichtung);;2;Nur Schliffspuren;;;
2C;84;Zustand der ersten Mahl- oder Schleiffläche (Art der Zurichtung);;3;Nur Pickspuren;;;
2C;84;Zustand der ersten Mahl- oder Schleiffläche (Art der Zurichtung);;4;Pick- und Schliffspuren;;;
2C;84;Zustand der ersten Mahl- oder Schleiffläche (Art der Zurichtung);;5;Keine Aussage;;;
2C;85;Zustand der zweiten Mahl- oder Schleiffläche (Art der Zurichtung);;0;Keine Mahl- oder Schleiffläche;;;
2C;85;Zustand der zweiten Mahl- oder Schleiffläche (Art der Zurichtung);;1;Keine Pick- oder Schliffspuren;;;
2C;85;Zustand der zweiten Mahl- oder Schleiffläche (Art der Zurichtung);;2;Nur Schliffspuren;;;
2C;85;Zustand der zweiten Mahl- oder Schleiffläche (Art der Zurichtung);;3;Nur Pickspuren;;;
2C;85;Zustand der zweiten Mahl- oder Schleiffläche (Art der Zurichtung);;4;Pick- und Schliffspuren;;;
2C;85;Zustand der zweiten Mahl- oder Schleiffläche (Art der Zurichtung);;5;Keine Aussage;;;
2C;85;Zustand der zweiten Mahl- oder Schleiffläche (Art der Zurichtung);;6;Keine zweite Arbeitsfläche vorhanden;;;
2C;86;Erhaltung des Mahl- oder Schleifsteins;;0;Kein Mahl- oder Schleifstein sondern Pfeilschaftglätter;;;
2C;86;Erhaltung des Mahl- oder Schleifsteins;;1;Medialfragment oder Außenkante;;;
2C;86;Erhaltung des Mahl- oder Schleifsteins;;2;Randfragment mit einer Außenkante;;;
2C;86;Erhaltung des Mahl- oder Schleifsteins;;3;Medialfragment mit zwei gegenüberliegenden Außenkanten;;;
2C;86;Erhaltung des Mahl- oder Schleifsteins;;4;Endfragment mit zwei oder drei zusammenstoßenden Außenkanten;;;
2C;86;Erhaltung des Mahl- oder Schleifsteins;;5;Vollständig;;;
2C;86;Erhaltung des Mahl- oder Schleifsteins;;7;Ventralfläche;;;
2C;86;Erhaltung des Mahl- oder Schleifsteins;;6;Keine Aussage;;;
2C;87;Richtung der Arbeitsspuren zur Kante;;0;Medialfragment ohne Außenkante;;;
2C;87;Richtung der Arbeitsspuren zur Kante;;1;Parallel;;;
2C;87;Richtung der Arbeitsspuren zur Kante;;2;Quer;;;
2C;87;Richtung der Arbeitsspuren zur Kante;;3;Diagonal;;;
2C;87;Richtung der Arbeitsspuren zur Kante;;4;Keine Aussage;;;
2C;88;Querschnitt der ersten Arbeitsfläche;;1;Konvex;;;
2C;88;Querschnitt der ersten Arbeitsfläche;;2;Gerade eben;;;
2C;88;Querschnitt der ersten Arbeitsfläche;;3;Konkav;;;
2C;88;Querschnitt der ersten Arbeitsfläche;;4;Unregelmäßig (auch bei sehr feinen Unregelmäßigkeiten);;;
2C;88;Querschnitt der ersten Arbeitsfläche;;5;Keine Aussage;;;
2C;89;Längsschnitt der ersten Arbeitsfläche;;1;Konvex;;;
2C;89;Längsschnitt der ersten Arbeitsfläche;;2;Gerade eben;;;
2C;89;Längsschnitt der ersten Arbeitsfläche;;3;Konkav;;;
2C;89;Längsschnitt der ersten Arbeitsfläche;;4;Unregelmäßig (auch bei sehr feinen Unregelmäßigkeiten);;;
2C;89;Längsschnitt der ersten Arbeitsfläche;;5;Keine Aussage;;;
2C;90;Querschnitt der ersten Arbeitsfläche;;1;Konvex;;;
2C;90;Querschnitt der ersten Arbeitsfläche;;2;Gerade eben;;;
2C;90;Querschnitt der ersten Arbeitsfläche;;3;Konkav;;;
2C;90;Querschnitt der ersten Arbeitsfläche;;4;Unregelmäßig (auch bei sehr feinen Unregelmäßigkeiten);;;
2C;90;Querschnitt der ersten Arbeitsfläche;;5;Keine Aussage;;;
2C;90;Querschnitt der ersten Arbeitsfläche;;6;Keine zweite Arbeitsfläche vorhanden;;;
2C;91;Längsschnitt der zweiten Arbeitsfläche;;1;Konvex;;;
2C;91;Längsschnitt der zweiten Arbeitsfläche;;2;Gerade eben;;;
2C;91;Längsschnitt der zweiten Arbeitsfläche;;3;Konkav;;;
2C;91;Längsschnitt der zweiten Arbeitsfläche;;4;Unregelmäßig (auch bei sehr feinen Unregelmäßigkeiten);;;
2C;91;Längsschnitt der zweiten Arbeitsfläche;;5;Keine Aussage;;;
2C;91;Längsschnitt der zweiten Arbeitsfläche;;6;Keine zweite Arbeitsfläche vorhanden;;;
2C;92;Handgriffglanz (speckiger Glanz);;0;nicht vorhanden;;;
2C;92;Handgriffglanz (speckiger Glanz);;1;vorhanden;;;
2C;92;Handgriffglanz (speckiger Glanz);;2;Keine Aussage;;;
2C;93;Querschnitt der Rillen;;0;Keine Rillen;;;
2C;93;Querschnitt der Rillen;;1;U-förmig;;;
2C;93;Querschnitt der Rillen;;2;V-förmig;;;
2C;93;Querschnitt der Rillen;;3;U- und V-förmig;;;
2C;93;Querschnitt der Rillen;;4;Keine Aussage;;;
2C;94;Anteil der natürlichen Flächen bei Rötel;;0;Kein Rötel;;;
2C;94;Anteil der natürlichen Flächen bei Rötel;;1;Allseitig natürliche Flächen;;;
2C;94;Anteil der natürlichen Flächen bei Rötel;;2;Partiell natürliche Flächen;;;
2C;94;Anteil der natürlichen Flächen bei Rötel;;3;Keine natürlichen Flächen mehr vorhanden;;;
2C;94;Anteil der natürlichen Flächen bei Rötel;;4;Keine Aussage;;;
2C;2C_59;Art der Modifikationen bei Felsgesteingeräten;;36;Mahlstein allgemein;;;
2C;2C_59;Art der Modifikationen bei Felsgesteingeräten;;40;Läufer mit verdicktem Ende;;;
2C;2C_59;Art der Modifikationen bei Felsgesteingeräten;;37;Pfeilschaftglätter;;;
2C;2C_59;Art der Modifikationen bei Felsgesteingeräten;;43;Rillenstein;;;
2C;2C_59;Art der Modifikationen bei Felsgesteingeräten;;24;Schleifstein allgemein;;;
2C;2C_59;Art der Modifikationen bei Felsgesteingeräten;;48;Schleifwanne;;;
2C;2C_59;Art der Modifikationen bei Felsgesteingeräten;;47;Reibstein;;;
2C;2C_59;Art der Modifikationen bei Felsgesteingeräten;;26;Stück mit unbestimmbarem Schliff;;;
2C;2C_59;Art der Modifikationen bei Felsgesteingeräten;;25;Retuscheur;;;
2C;2C_59;Art der Modifikationen bei Felsgesteingeräten;;42;Pckgrübchen;;;
2C;2C_59;Art der Modifikationen bei Felsgesteingeräten;;15;Klopfer;;;
2C;2C_59;Art der Modifikationen bei Felsgesteingeräten;;16;Schlagnarbenfeld;;;
2C;2C_59;Art der Modifikationen bei Felsgesteingeräten;;33;Sonstige Retusche;;;
2C;2C_59;Art der Modifikationen bei Felsgesteingeräten;;19;Grobgerät;;;
2C;2C_59;Art der Modifikationen bei Felsgesteingeräten;;20;Durch- oder Abschlagen;;;
2C;2C_59;Art der Modifikationen bei Felsgesteingeräten;;22;Pickspuren;;;
2C;2C_59;Art der Modifikationen bei Felsgesteingeräten;;31;Feine Gebrauchsspuren;;;
2C;2C_59;Art der Modifikationen bei Felsgesteingeräten;;11;Verrundung der Grate einer Fläche;;;
2C;2C_59;Art der Modifikationen bei Felsgesteingeräten;;10;Verrundung einer Kante;;;
2C;2C_59;Art der Modifikationen bei Felsgesteingeräten;;27;Rötelspuren;;;
2C;2C_59;Art der Modifikationen bei Felsgesteingeräten;;28;Lochung oder Anlochung;;;
2C;2C_59;Art der Modifikationen bei Felsgesteingeräten;;29;Ritzen oder Schrammen;;;
2C;2C_59;Art der Modifikationen bei Felsgesteingeräten;;17;Alter Bruch;;;
2C;2C_59;Art der Modifikationen bei Felsgesteingeräten;;30;Neuer Bruch;;;
2C;2C_60;Reihenfolge der Modifikationen bei Feldgesteingeräten;;;;;;
2D;95;Erhaltung Dechsel- bzw. Breitkeil (SAP KS NFB);;1;Vollständig;;;
2D;95;Erhaltung Dechsel- bzw. Breitkeil (SAP KS NFB);;2;Schneiden- oder Spitzenfragment;;;
2D;95;Erhaltung Dechsel- bzw. Breitkeil (SAP KS NFB);;3;Mittelteil;;;
2D;95;Erhaltung Dechsel- bzw. Breitkeil (SAP KS NFB);;4;Nackenteil oder Basisfragment;;;
2D;95;Erhaltung Dechsel- bzw. Breitkeil (SAP KS NFB);;5;Schneide mit Mittelteil (wenn es wieder dünner wird);;;
2D;95;Erhaltung Dechsel- bzw. Breitkeil (SAP KS NFB);;6;Nacken mit Mittelteil;;;
2D;95;Erhaltung Dechsel- bzw. Breitkeil (SAP KS NFB);;7;Unbestimmbares Bruchstück;;;
2D;95;Erhaltung Dechsel- bzw. Breitkeil (SAP KS NFB);;8;Vorarbeit;;;
2D;95;Erhaltung Dechsel- bzw. Breitkeil (SAP KS NFB);;A;Intaktes Beil mit misslungener Nachschärfung;;;
2D;95;Erhaltung Dechsel- bzw. Breitkeil (SAP KS NFB);;B;Schneidenabschlag;;;
2D;95;Erhaltung Dechsel- bzw. Breitkeil (SAP KS NFB);;C;Partieller Schneidenabschlag;;;
2D;95;Erhaltung Dechsel- bzw. Breitkeil (SAP KS NFB);;D;Nackenabschlag;;;
2D;96;Erhaltungszustand der Seitenfläche (NFB);;0;Nicht vorhanden;;;
2D;96;Erhaltungszustand der Seitenfläche (NFB);;1;1 Schlifffläche erkennbar;;;
2D;96;Erhaltungszustand der Seitenfläche (NFB);;2;1 Breitseite und 1 Schmalseite erkennbar;;;
2D;96;Erhaltungszustand der Seitenfläche (NFB);;3;1 Breitseite und 2 Schmalseiten erkennbar;;;
2D;96;Erhaltungszustand der Seitenfläche (NFB);;4;2 Breitseiten und keine Schmalseite erkennbar;;;
2D;96;Erhaltungszustand der Seitenfläche (NFB);;5;2 Breitseiten und 1 Schmalseite erkennbar;;;
2D;96;Erhaltungszustand der Seitenfläche (NFB);;6;2 Breitseiten und 2 Schmalseiten erkennbar (vollständig);;;
2D;96;Erhaltungszustand der Seitenfläche (NFB);;9;Keine Aussage (nicht bestimmbar);;;
2D;97;Erhaltung des Querschnitts (SAP NFB);;1;Vollständig;;;
2D;97;Erhaltung des Querschnitts (SAP NFB);;2;Breite nicht erhalten;;;
2D;97;Erhaltung des Querschnitts (SAP NFB);;3;Dicke nicht erhalten;;;
2D;97;Erhaltung des Querschnitts (SAP NFB);;4;Breite und Dicke nicht erhalten;;;
2D;97;Erhaltung des Querschnitts (SAP NFB);;5;Keine Aussage  ;;;
2D;98;Art des Querschnitts (SAP);;1;Gerundete Oberseite ohne laterale Facette;;;
2D;98;Art des Querschnitts (SAP);;2;Gerundete Oberseite mit lateraler(n) Facette(n);;;
2D;98;Art des Querschnitts (SAP);;3;Flache Oberseite mit viereckigem Querschnitt;;;
2D;98;Art des Querschnitts (SAP);;4;Dreieckiger Querschnitt;;;
2D;98;Art des Querschnitts (SAP);;5;Sonstiger Querschnitt;;;
2D;98;Art des Querschnitts (SAP);;6;Keine Aussage (etwa bei unbestimmbarem Bruchstück);;;
2D;98;Art des Querschnitts (SAP);;7;Ovaler Querschnitt;;;
2D;99;Querschnitt (in der Mitte) (KS NFB);;0;Unbestimmt oder keine Aussage;;;
2D;99;Querschnitt (in der Mitte) (KS NFB);;1;Trapezförmig;;;
2D;99;Querschnitt (in der Mitte) (KS NFB);;2;Rhombisch;;;
2D;99;Querschnitt (in der Mitte) (KS NFB);;9;Rund;;;
2D;99;Querschnitt (in der Mitte) (KS NFB);;8;Rund-oval;;;
2D;99;Querschnitt (in der Mitte) (KS NFB);;3;Spitzoval;;;
2D;99;Querschnitt (in der Mitte) (KS NFB);;4;Dreieckig ;;;
2D;99;Querschnitt (in der Mitte) (KS NFB);;5;Rechteckig (abgerundete Kanten);;;
2D;99;Querschnitt (in der Mitte) (KS NFB);;7;Rechteckig (scharfkantige Kanten);;;
2D;99;Querschnitt (in der Mitte) (KS NFB);;6;Unregelmäßig;;;
2D;99;Querschnitt (in der Mitte) (KS NFB);;X;Nicht vorhanden;;;
2D;100;Oberseitenform (bei viereckigen Querschnitten) (NFB);;0;Nicht vorhanden oder kein viereckiger Querschnitt;;;
2D;100;Oberseitenform (bei viereckigen Querschnitten) (NFB);;1;Gerade;;;
2D;100;Oberseitenform (bei viereckigen Querschnitten) (NFB);;2;Konkav;;;
2D;100;Oberseitenform (bei viereckigen Querschnitten) (NFB);;3;Konvex;;;
2D;100;Oberseitenform (bei viereckigen Querschnitten) (NFB);;9;Keine Aussage oder unregelmäßig;;;
2D;101;Unterseitenform (bei viereckigen Querschnitten) (NFB);;0;Nicht vorhanden oder kein viereckiger Querschnitt;;;
2D;101;Unterseitenform (bei viereckigen Querschnitten) (NFB);;1;Gerade;;;
2D;101;Unterseitenform (bei viereckigen Querschnitten) (NFB);;2;Konkav;;;
2D;101;Unterseitenform (bei viereckigen Querschnitten) (NFB);;3;Konvex;;;
2D;101;Unterseitenform (bei viereckigen Querschnitten) (NFB);;9;Keine Aussage oder unregelmäßig;;;
2D;102;Form der linken Schmalseite (bei viereckigen Querschnitten) (NFB);;0;Nicht vorhanden oder kein viereckiger Querschnitt;;;
2D;102;Form der linken Schmalseite (bei viereckigen Querschnitten) (NFB);;1;Gerade;;;
2D;102;Form der linken Schmalseite (bei viereckigen Querschnitten) (NFB);;2;Konkav;;;
2D;102;Form der linken Schmalseite (bei viereckigen Querschnitten) (NFB);;3;Konvex;;;
2D;102;Form der linken Schmalseite (bei viereckigen Querschnitten) (NFB);;9;Keine Aussage oder unregelmäßig;;;
2D;103;Formen der rechten Schmalseite (bei viereckigen Querschnitten) (NFB);;0;Nicht vorhanden oder kein viereckiger Querschnitt;;;
2D;103;Formen der rechten Schmalseite (bei viereckigen Querschnitten) (NFB);;1;Gerade;;;
2D;103;Formen der rechten Schmalseite (bei viereckigen Querschnitten) (NFB);;2;Konkav;;;
2D;103;Formen der rechten Schmalseite (bei viereckigen Querschnitten) (NFB);;3;Konvex;;;
2D;103;Formen der rechten Schmalseite (bei viereckigen Querschnitten) (NFB);;9;Keine Aussage oder unregelmäßig;;;
2D;104;Nackenbreite in mm (2 cm unterhalb des Nackenendes);;000;Nicht vorhanden;;;
2D;104;Nackenbreite in mm (2 cm unterhalb des Nackenendes);;999;Keine Aussage;;;
2D;105;Nackendicke in mm (2 cm unterhalb des Nackenendes);;000;Nicht vorhanden;;;
2D;105;Nackendicke in mm (2 cm unterhalb des Nackenendes);;999;Keine Aussage;;;
2D;106;Nackenform (Blick auf die Nackenfläche) (KS NFB);;0;Nicht vorhanden;;;
2D;106;Nackenform (Blick auf die Nackenfläche) (KS NFB);;1;Spitz  ;;;
2D;106;Nackenform (Blick auf die Nackenfläche) (KS NFB);;2;Gerade gratförmig;;;
2D;106;Nackenform (Blick auf die Nackenfläche) (KS NFB);;3;Gerade flächig;;;
2D;106;Nackenform (Blick auf die Nackenfläche) (KS NFB);;4;Rundlich;;;
2D;106;Nackenform (Blick auf die Nackenfläche) (KS NFB);;5;Verdickt;;;
2D;106;Nackenform (Blick auf die Nackenfläche) (KS NFB);;6;Schlagflächenrest (Klingenbeil);;;
2D;106;Nackenform (Blick auf die Nackenfläche) (KS NFB);;7;Gratförmig;;;
2D;106;Nackenform (Blick auf die Nackenfläche) (KS NFB);;8;Dünn;;;
2D;106;Nackenform (Blick auf die Nackenfläche) (KS NFB);;9;Dick rechteckig;;;
2D;106;Nackenform (Blick auf die Nackenfläche) (KS NFB);;A;Dick quadratisch;;;
2D;106;Nackenform (Blick auf die Nackenfläche) (KS NFB);;X;Keine Aussage;;;
2D;107;Nackenflächengestaltung (Blick auf die Nackenfläche) (NFB);;0;Nicht vorhanden;;;
2D;107;Nackenflächengestaltung (Blick auf die Nackenfläche) (NFB);;1;Gratförmig;;;
2D;107;Nackenflächengestaltung (Blick auf die Nackenfläche) (NFB);;2;(Unregelmäßige) Negative;;;
2D;107;Nackenflächengestaltung (Blick auf die Nackenfläche) (NFB);;3;1 Schlagnegativ;;;
2D;107;Nackenflächengestaltung (Blick auf die Nackenfläche) (NFB);;4;Naturfläche;;;
2D;107;Nackenflächengestaltung (Blick auf die Nackenfläche) (NFB);;5;Schlifffläche partiell;;;
2D;107;Nackenflächengestaltung (Blick auf die Nackenfläche) (NFB);;6;Schlifffläche vollständig;;;
2D;107;Nackenflächengestaltung (Blick auf die Nackenfläche) (NFB);;A;Naturfläche und >2 unregelmäßige Negative;;;
2D;107;Nackenflächengestaltung (Blick auf die Nackenfläche) (NFB);;B;Pick und Schliff;;;
2D;107;Nackenflächengestaltung (Blick auf die Nackenfläche) (NFB);;C;Regelmäßig Negative;;;
2D;107;Nackenflächengestaltung (Blick auf die Nackenfläche) (NFB);;D;(Regelmäßige) Negative und Pick und Schliff (Merkmale B und C);;;
2D;107;Nackenflächengestaltung (Blick auf die Nackenfläche) (NFB);;E;Regelmäßig Negative und Naturfläche;;;
2D;107;Nackenflächengestaltung (Blick auf die Nackenfläche) (NFB);;9;Keine Aussage;;;
2D;108;Nackenaufsicht (Stück liegt auf der Breitseite (NFB);;0;Nicht vorhanden;;;
2D;108;Nackenaufsicht (Stück liegt auf der Breitseite (NFB);;1;Spitz;;;
2D;108;Nackenaufsicht (Stück liegt auf der Breitseite (NFB);;2;Rundlich;;;
2D;108;Nackenaufsicht (Stück liegt auf der Breitseite (NFB);;3;Eckig abgesetzt gerade;;;
2D;108;Nackenaufsicht (Stück liegt auf der Breitseite (NFB);;4;Eckig abgersetzt schief;;;
2D;108;Nackenaufsicht (Stück liegt auf der Breitseite (NFB);;9;Keine Aussage;;;
2D;109;Schneidenbreite bzw. Schneidenverlauf (KS NFB);;000;Nicht vorhanden;;;
2D;109;Schneidenbreite bzw. Schneidenverlauf (KS NFB);;999;Keine Aussage;;;
2D;110;Schneidenform bzw. Schneidenverlauf (KS NFB);;0;Unbestimmt  ;;;
2D;110;Schneidenform bzw. Schneidenverlauf (KS NFB);;1;Gerade ;;;
2D;110;Schneidenform bzw. Schneidenverlauf (KS NFB);;2;Konvex (rundliche Ecken);;;
2D;110;Schneidenform bzw. Schneidenverlauf (KS NFB);;3;Konkav;;;
2D;110;Schneidenform bzw. Schneidenverlauf (KS NFB);;4;Unregelmäßig (überarbeitet);;;
2D;110;Schneidenform bzw. Schneidenverlauf (KS NFB);;5;(Konvexe) Hohlschneide (abgesetzte Ecken);;;
2D;110;Schneidenform bzw. Schneidenverlauf (KS NFB);;6;Spitz (Spitzwaffe o.ä.);;;
2D;110;Schneidenform bzw. Schneidenverlauf (KS NFB);;7;Keine Schneide vorhanden;;;
2D;110;Schneidenform bzw. Schneidenverlauf (KS NFB);;8;Konvex (abgesetzte Ecken);;;
2D;110;Schneidenform bzw. Schneidenverlauf (KS NFB);;9;Keine Aussage;;;
2D;111;Gebrauchsspuren (Schneide und Nacken) (KS NFB);;0;Keine;;;
2D;111;Gebrauchsspuren (Schneide und Nacken) (KS NFB);;1;Schneidenpolitur;;;
2D;111;Gebrauchsspuren (Schneide und Nacken) (KS NFB);;2;Schneidenaussplitterungen;;;
2D;111;Gebrauchsspuren (Schneide und Nacken) (KS NFB);;3;Nackenpartie-politur;;;
2D;111;Gebrauchsspuren (Schneide und Nacken) (KS NFB);;4;Sonstige Polituren oder Aussplitterungen;;;
2D;111;Gebrauchsspuren (Schneide und Nacken) (KS NFB);;5;Kräftige Schneidenaussplitterungen;;;
2D;111;Gebrauchsspuren (Schneide und Nacken) (KS NFB);;6;Pickspuren;;;
2D;111;Gebrauchsspuren (Schneide und Nacken) (KS NFB);;7;Keine Schneide vorhanden;;;
2D;111;Gebrauchsspuren (Schneide und Nacken) (KS NFB);;8;Schneidenaussplitterungen und Nackenpolitur;;;
2D;111;Gebrauchsspuren (Schneide und Nacken) (KS NFB);;9;Schneidenpolitur und -aussplitterungen und Nackenpolitur;;;
2D;111;Gebrauchsspuren (Schneide und Nacken) (KS NFB);;A;Schneiden- und Nackenpolitur;;;
2D;111;Gebrauchsspuren (Schneide und Nacken) (KS NFB);;B;Nackenpolitur und kräftige Schneidenaussplitterungen;;;
2D;111;Gebrauchsspuren (Schneide und Nacken) (KS NFB);;C;Schneidenpolitur und -aussplitterungen;;;
2D;112;Schneidenzurichtung (KS);;0;Nicht vorhanden (Vorarbeit überarbeitet oder Fragment);;;
2D;112;Schneidenzurichtung (KS);;1;Naturfläche (Altfläche oder Kortex);;;
2D;112;Schneidenzurichtung (KS);;2;Vorgegebene Abschlagfläche;;;
2D;112;Schneidenzurichtung (KS);;3;Schneidenabschlag (dorsal/ventral);;;
2D;112;Schneidenzurichtung (KS);;4;Misslungener Schneidenabschlag;;;
2D;112;Schneidenzurichtung (KS);;5;Wie 3 aber ca. 90 Grad zur Mittelachse (Kernstichel);;;
2D;112;Schneidenzurichtung (KS);;6;Spezialisierte Schneide;;;
2D;113;Schneidenschiefe (NFB);;0;Schneide nicht vorhanden;;;
2D;113;Schneidenschiefe (NFB);;1;Symmetrisch;;;
2D;113;Schneidenschiefe (NFB);;2;Asymmetrisch etwa wegen einseitiger Abarbeitung;;;
2D;113;Schneidenschiefe (NFB);;3;Asymmetrisch einseitig heruntergezogene Schneide (vgl. A-Axt);;;
2D;113;Schneidenschiefe (NFB);;4;Unregelmäßig (überarbeitet);;;
2D;113;Schneidenschiefe (NFB);;9;Keine Aussage;;;
2D;114;Breitseite (Aufsicht) (KS NFB);;0;Unbestimmt (Fragment) oder nicht vorhanden;;;
2D;114;Breitseite (Aufsicht) (KS NFB);;1;Grob (spitz-)oval;;;
2D;114;Breitseite (Aufsicht) (KS NFB);;2;Trapezförmig;;;
2D;114;Breitseite (Aufsicht) (KS NFB);;3;Dreieckig (spitzer Nacken);;;
2D;114;Breitseite (Aufsicht) (KS NFB);;4;Etwa rechteckig;;;
2D;114;Breitseite (Aufsicht) (KS NFB);;5;Unregelmäßig/atypisch;;;
2D;115;Aufsicht linke Seite (Stück liegt auf Breitseite) (KS NFB);;0;Unbestimmt oder keine Aussage;;;
2D;115;Aufsicht linke Seite (Stück liegt auf Breitseite) (KS NFB);;1;Leicht konkav;;;
2D;115;Aufsicht linke Seite (Stück liegt auf Breitseite) (KS NFB);;2;Stark konkav;;;
2D;115;Aufsicht linke Seite (Stück liegt auf Breitseite) (KS NFB);;3;Gerade ;;;
2D;115;Aufsicht linke Seite (Stück liegt auf Breitseite) (KS NFB);;4;Konvex;;;
2D;115;Aufsicht linke Seite (Stück liegt auf Breitseite) (KS NFB);;5;Unregelmäßig;;;
2D;115;Aufsicht linke Seite (Stück liegt auf Breitseite) (KS NFB);;6;Nicht vorhanden;;;
2D;116;Aufsicht rechte Seite (Stück liegt auf Breitseite) (KS NFB);;0;Unbestimmt oder keine Aussage;;;
2D;116;Aufsicht rechte Seite (Stück liegt auf Breitseite) (KS NFB);;1;Leicht konkav;;;
2D;116;Aufsicht rechte Seite (Stück liegt auf Breitseite) (KS NFB);;2;Stark konkav;;;
2D;116;Aufsicht rechte Seite (Stück liegt auf Breitseite) (KS NFB);;3;Gerade ;;;
2D;116;Aufsicht rechte Seite (Stück liegt auf Breitseite) (KS NFB);;4;Konvex;;;
2D;116;Aufsicht rechte Seite (Stück liegt auf Breitseite) (KS NFB);;5;Unregelmäßig;;;
2D;116;Aufsicht rechte Seite (Stück liegt auf Breitseite) (KS NFB);;6;Nicht vorhanden;;;
2D;117;Breitseitenwölbung (NFB);;0;Nicht bestimmbar;;;
2D;117;Breitseitenwölbung (NFB);;1;Deutlich gewölbt;;;
2D;117;Breitseitenwölbung (NFB);;2;Schwach gewölbt;;;
2D;117;Breitseitenwölbung (NFB);;3;Nicht gewölbt;;;
2D;118;Anzahl der Grate (Seitenkanten) (KS);;0;Unbestimmt;;;
2D;118;Anzahl der Grate (Seitenkanten) (KS);;1;2 Grate;;;
2D;118;Anzahl der Grate (Seitenkanten) (KS);;2;3 Grate;;;
2D;118;Anzahl der Grate (Seitenkanten) (KS);;3;Mehr als 3 Grate;;;
2D;119;Schmalseitenverlauf (Aufsicht auf Breitseite) (NFB);;0;Nicht bestimmbar;;;
2D;119;Schmalseitenverlauf (Aufsicht auf Breitseite) (NFB);;1;Fast parallel;;;
2D;119;Schmalseitenverlauf (Aufsicht auf Breitseite) (NFB);;2;Konvergierend;;;
2D;119;Schmalseitenverlauf (Aufsicht auf Breitseite) (NFB);;3;symmetrisch mit beiden Seiten gleichmäßig;;;
2D;119;Schmalseitenverlauf (Aufsicht auf Breitseite) (NFB);;4;Konvergierend (asymmetrisch mit einer Seite deutlich länger);;;
2D;120;Schmalseitenform (Aufsicht auf Schmalseite) (NFB);;0;Nicht vorhanden;;;
2D;120;Schmalseitenform (Aufsicht auf Schmalseite) (NFB);;1;Lanzettförmig (dickste Stelle näher an Schneide);;;
2D;120;Schmalseitenform (Aufsicht auf Schmalseite) (NFB);;2;Tropfenförmig (dickste Stelle etwa mittig);;;
2D;120;Schmalseitenform (Aufsicht auf Schmalseite) (NFB);;3;Parallel;;;
2D;120;Schmalseitenform (Aufsicht auf Schmalseite) (NFB);;4;Konvergierend (Keilform);;;
2D;120;Schmalseitenform (Aufsicht auf Schmalseite) (NFB);;5;Parallel mit abgesetztem Nackenteil;;;
2D;120;Schmalseitenform (Aufsicht auf Schmalseite) (NFB);;6;Konvergierend (keilfömig) mit abgesetztem Nackenteil;;;
2D;120;Schmalseitenform (Aufsicht auf Schmalseite) (NFB);;9;Keine Aussage;;;
2D;121;Schmalseitenbearbeitung (NFB);;0;Nicht vorhanden;;;
2D;121;Schmalseitenbearbeitung (NFB);;1;Abschläge überwiegend über gesamte Schmalseite verlaufend (meist von einer Seite aus geschlagen);;;
2D;121;Schmalseitenbearbeitung (NFB);;2;Alternierende Kantenbearbeitung (Zickzackgrate);;;
2D;121;Schmalseitenbearbeitung (NFB);;3;Parallele Kantenbearbeitung;;;
2D;121;Schmalseitenbearbeitung (NFB);;9;keine Aussage (z.B. wenn geschliffen);;;
2D;122;Größte Breite der Schmalseite (NFB);;000;Nicht vorhanden;;;
2D;122;Größte Breite der Schmalseite (NFB);;999;Keine Aussage;;;
2D;123;Lage der größten Dicke (gemessen vom Nacken aus) (NFB);;000;Nicht vorhanden;;;
2D;123;Lage der größten Dicke (gemessen vom Nacken aus) (NFB);;999;Keine Aussage;;;
2D;124;Schmalseitenwinkel (in vollen Grad) (NFB);;000;Nicht vorhanden ;;;
2D;124;Schmalseitenwinkel (in vollen Grad) (NFB);;998;(fast) parallel;;;
2D;124;Schmalseitenwinkel (in vollen Grad) (NFB);;999;Keine Aussage;;;
2D;125;Zustand der Längskanten (Kanten zwischen Breit- und Schmalseite) und Nackenkanten (NFB);;0;Nicht vorhanden;;;
2D;125;Zustand der Längskanten (Kanten zwischen Breit- und Schmalseite) und Nackenkanten (NFB);;1;Scharfkantig;;;
2D;125;Zustand der Längskanten (Kanten zwischen Breit- und Schmalseite) und Nackenkanten (NFB);;2;Entgratet;;;
2D;125;Zustand der Längskanten (Kanten zwischen Breit- und Schmalseite) und Nackenkanten (NFB);;9;Keine Angabe (z.B. wenn geschliffen);;;
2D;126;Lage Breitseitenschliff (Aufsicht auf Breitseite) (NFB);;0;Nicht vorhanden;;;
2D;126;Lage Breitseitenschliff (Aufsicht auf Breitseite) (NFB);;1;Nur Schneide;;;
2D;126;Lage Breitseitenschliff (Aufsicht auf Breitseite) (NFB);;2;Nur Mittelteil;;;
2D;126;Lage Breitseitenschliff (Aufsicht auf Breitseite) (NFB);;3;Nur Nacken;;;
2D;126;Lage Breitseitenschliff (Aufsicht auf Breitseite) (NFB);;4;Nur Schneide und Mittelteil;;;
2D;126;Lage Breitseitenschliff (Aufsicht auf Breitseite) (NFB);;5;Nur Schneide und Nacken;;;
2D;126;Lage Breitseitenschliff (Aufsicht auf Breitseite) (NFB);;6;Nur Mittelteil und Nacken;;;
2D;126;Lage Breitseitenschliff (Aufsicht auf Breitseite) (NFB);;7;Vollständig;;;
2D;126;Lage Breitseitenschliff (Aufsicht auf Breitseite) (NFB);;9;Keine Aussage;;;
2D;127;Lage Schmalseitenschliff (NFB);;0;Nicht vorhanden;;;
2D;127;Lage Schmalseitenschliff (NFB);;1;Nur Schneide;;;
2D;127;Lage Schmalseitenschliff (NFB);;2;Nur Mittelteil;;;
2D;127;Lage Schmalseitenschliff (NFB);;3;Nur Nacken;;;
2D;127;Lage Schmalseitenschliff (NFB);;4;Nur Schneide und Mittelteil;;;
2D;127;Lage Schmalseitenschliff (NFB);;5;Nur Schneide und Nacken;;;
2D;127;Lage Schmalseitenschliff (NFB);;6;Nur Mittelteil und Nacken;;;
2D;127;Lage Schmalseitenschliff (NFB);;7;Vollständig;;;
2D;127;Lage Schmalseitenschliff (NFB);;8;Eine Schmalseite partiell geschliffen;;;
2D;127;Lage Schmalseitenschliff (NFB);;9;Keine Aussage;;;
2D;128;Art des Breitseitenschliffs (NFB);;0;Unbestimmbar;;;
2D;128;Art des Breitseitenschliffs (NFB);;1;Kein Schliff erkennbar;;;
2D;128;Art des Breitseitenschliffs (NFB);;2;Leichter Anschliff und nur Negativgrate mit Schliffspuren;;;
2D;128;Art des Breitseitenschliffs (NFB);;3;Kräftiger Schliff und Negativrestflächen erkennbar (nicht aber in Abschlagnegativen);;;
2D;128;Art des Breitseitenschliffs (NFB);;4;Vollständiger Schliff;;;
2D;128;Art des Breitseitenschliffs (NFB);;5;Nur Schneidenschliff;;;
2D;128;Art des Breitseitenschliffs (NFB);;6;Schliff in Abschlagnegativen;;;
2D;128;Art des Breitseitenschliffs (NFB);;7;Breitseite nicht vorhanden;;;
2D;128;Art des Breitseitenschliffs (NFB);;8;Schliff auf unbekannter Fläche;;;
2D;129;Art des Schmalseitenschliffs (NFB);;0;Unbestimmbar;;;
2D;129;Art des Schmalseitenschliffs (NFB);;1;Kein Schliff erkennbar;;;
2D;129;Art des Schmalseitenschliffs (NFB);;2;Leichter Anschliff und nur Negativgrate mit Schliffspuren;;;
2D;129;Art des Schmalseitenschliffs (NFB);;3;Kräftiger Schliff und Negativrestflächen erkennbar (nicht aber in Abschlagnegativen);;;
2D;129;Art des Schmalseitenschliffs (NFB);;4;Vollständiger Schliff;;;
2D;129;Art des Schmalseitenschliffs (NFB);;5;Naturfläche;;;
2D;129;Art des Schmalseitenschliffs (NFB);;6;Schliff in Abschlagnegativen;;;
2D;129;Art des Schmalseitenschliffs (NFB);;7;Schmalseite nicht vorhanden;;;
2D;130;Zustand des Schliffs (NFB);;0;Nicht vorhanden;;;
2D;130;Zustand des Schliffs (NFB);;1;Kein Schliff erkennbar;;;
2D;130;Zustand des Schliffs (NFB);;2;Grobkörnig (oft weiße Riefen erkennbar);;;
2D;130;Zustand des Schliffs (NFB);;3;Feinkörnig (oft fast spiegelblank und Riefen nur schwach erkennbar);;;
2D;130;Zustand des Schliffs (NFB);;4;Grobkörnig und feinkörnig;;;
2D;130;Zustand des Schliffs (NFB);;9;Keine Aussage;;;
2D;131;Hohlschliff (NFB);;0;Nicht vorhanden;;;
2D;131;Hohlschliff (NFB);;1;Schwach;;;
2D;131;Hohlschliff (NFB);;2;Stark;;;
2D;131;Hohlschliff (NFB);;9;Keine Aussage;;;
2D;132;Symmetrie des Umrisses (SAP);;0;Schneide und/oder Nacken;;;
2D;132;Symmetrie des Umrisses (SAP);;1;Schneide nicht quer zur Längsachse;;;
2D;132;Symmetrie des Umrisses (SAP);;2;Nacken nicht quer zur Längsachse;;;
2D;132;Symmetrie des Umrisses (SAP);;3;Schneide und Nacken nicht quer zur Längsachse;;;
2D;132;Symmetrie des Umrisses (SAP);;4;Keine Aussage;;;
2D;133;Überschliffene Bruchflächen (oder sekundäre Umgestaltung) (SAP NFB);;0;Keine überschliffenen Bruchflächen oder keine Aussage;;;
2D;133;Überschliffene Bruchflächen (oder sekundäre Umgestaltung) (SAP NFB);;1;Vollständig;;;
2D;133;Überschliffene Bruchflächen (oder sekundäre Umgestaltung) (SAP NFB);;2;Nur in der Länge erhalten;;;
2D;133;Überschliffene Bruchflächen (oder sekundäre Umgestaltung) (SAP NFB);;3;Nur in der Breite erhalten;;;
2D;133;Überschliffene Bruchflächen (oder sekundäre Umgestaltung) (SAP NFB);;4;Nur in der Dicke erhalten;;;
2D;133;Überschliffene Bruchflächen (oder sekundäre Umgestaltung) (SAP NFB);;6;In Länge und Breite nicht erhalten;;;
2D;133;Überschliffene Bruchflächen (oder sekundäre Umgestaltung) (SAP NFB);;7;In Länge und Dicke nicht erhalten;;;
2D;133;Überschliffene Bruchflächen (oder sekundäre Umgestaltung) (SAP NFB);;8;In Breite und Dicke nicht erhalten;;;
2D;133;Überschliffene Bruchflächen (oder sekundäre Umgestaltung) (SAP NFB);;9;Dennoch in allen Maßen nicht erhalten;;;
2D;134;Um- und Nachbearbeitung (NFB);;0;Nicht vorhanden (oder nicht erkennbar);;;
2D;134;Um- und Nachbearbeitung (NFB);;1;Schneide überarbeitet;;;
2D;134;Um- und Nachbearbeitung (NFB);;2;Vollständig überarbeitet;;;
2D;134;Um- und Nachbearbeitung (NFB);;3;Nacken überarbeitet;;;
2D;134;Um- und Nachbearbeitung (NFB);;4;Eine oder beide Schmalseiten nachbearbeitet;;;
2D;134;Um- und Nachbearbeitung (NFB);;5;Eine oder beide Breitseiten nachbearbeitet;;;
2D;134;Um- und Nachbearbeitung (NFB);;6;Eine oder beide Breitseiten nachbearbeitet;;;
2D;134;Um- und Nachbearbeitung (NFB);;7;Eine oder beide Breitseiten und eine oder beide Schmalseiten sowie Nacken;;;
2D;134;Um- und Nachbearbeitung (NFB);;9;Keine Aussage;;;
2D;135;Spaltrichtung des Rohmaterials (SAP);;0;Kein Wetzschiefer oder Amphibolit oder Basalt;;;
2D;135;Spaltrichtung des Rohmaterials (SAP);;1;Parallel zur Unterseite;;;
2D;135;Spaltrichtung des Rohmaterials (SAP);;2;Senkrecht zur Unterseite;;;
2D;135;Spaltrichtung des Rohmaterials (SAP);;3;Anders verlaufend;;;
2D;135;Spaltrichtung des Rohmaterials (SAP);;4;Nicht orientierbares Bruchstück oder trotz des Rohmaterials nicht erkennbare Spaltrichtung;;;
;;;;;;;;
;;;;;;;;
